P50	-66.9096356539	10.5159010416	__export__.isp_zone_11_457fdf7b	post
P51	-66.9096774204	10.5157008419	__export__.isp_zone_11_457fdf7b	post
P52	-66.9097169907	10.5155067025	__export__.isp_zone_11_457fdf7b	post
P53	-66.9097365565	10.5152983396	__export__.isp_zone_11_457fdf7b	post
P54	-66.9097763742	10.5151486334	__export__.isp_zone_11_457fdf7b	post
P55	-66.9098112702	10.5149003847	__export__.isp_zone_11_457fdf7b	post
P56	-66.9098551156	10.5146511693	__export__.isp_zone_11_457fdf7b	post
P57	-66.9098806044	10.5143005364	__export__.isp_zone_11_457fdf7b	post
P58	-66.9099684174	10.5140776999	__export__.isp_zone_11_457fdf7b	post
P59	-66.9100054286	10.5138724817	__export__.isp_zone_11_457fdf7b	post
P60	-66.9096370995	10.5152011788	__export__.isp_zone_11_457fdf7b	post
P61	-66.9093966819	10.5151557156	__export__.isp_zone_11_457fdf7b	post
P62	-66.9091072693	10.5151172337	__export__.isp_zone_11_457fdf7b	post
P63	-66.9098676565	10.5152656842	__export__.isp_zone_11_457fdf7b	post
P64	-66.9102853745	10.5153392046	__export__.isp_zone_11_457fdf7b	post
P65	-66.9103423244	10.5154635687	__export__.isp_zone_11_457fdf7b	post
P66	-66.9110065148	10.5175511773	__export__.isp_zone_11_457fdf7b	post
P67	-66.9100960759	10.51426376	__export__.isp_zone_11_457fdf7b	post
P68	-66.9103993553	10.514299287	__export__.isp_zone_11_457fdf7b	post
P69	-66.9107411467	10.5143439089	__export__.isp_zone_11_457fdf7b	post
P70	-66.9111252666	10.5144614555	__export__.isp_zone_11_457fdf7b	post
P71	-66.9110895228	10.5145490927	__export__.isp_zone_11_457fdf7b	post
P72	-66.91104438	10.5148043071	__export__.isp_zone_11_457fdf7b	post
P73	-66.9109718265	10.5151144008	__export__.isp_zone_11_457fdf7b	post
P74	-66.9109079277	10.5154119185	__export__.isp_zone_11_457fdf7b	post
P - 137	-66.9111835074	10.5142238532	__export__.isp_zone_11_457fdf7b	post
P - 138	-66.9112118024	10.5139717396	__export__.isp_zone_11_457fdf7b	post
P - 139	-66.9112510572	10.5137912352	__export__.isp_zone_11_457fdf7b	post
P - 140	-66.9109200672	10.5136472358	__export__.isp_zone_11_457fdf7b	post
P - 141	-66.9108235815	10.5139254594	__export__.isp_zone_11_457fdf7b	post
P - 75	-66.9110591124	10.5151159694	__export__.isp_zone_11_457fdf7b	post
P - 76	-66.911575662	10.5151221288	__export__.isp_zone_11_457fdf7b	post
P - 77	-66.9118147438	10.5152316601	__export__.isp_zone_11_457fdf7b	post
P - 78	-66.9121322854	10.5153182821	__export__.isp_zone_11_457fdf7b	post
P - 79	-66.9122935003	10.5154153561	__export__.isp_zone_11_457fdf7b	post
P - 80	-66.9123436819	10.5151733022	__export__.isp_zone_11_457fdf7b	post
P - 81	-66.9123961781	10.5149742871	__export__.isp_zone_11_457fdf7b	post
P - 82	-66.9124414418	10.5147294439	__export__.isp_zone_11_457fdf7b	post
P - 83	-66.9125053081	10.5144821798	__export__.isp_zone_11_457fdf7b	post
P - 84	-66.9126263509	10.5145306979	__export__.isp_zone_11_457fdf7b	post
P - 85	-66.9128490732	10.5146587511	__export__.isp_zone_11_457fdf7b	post
P - 86	-66.9131684319	10.5148372198	__export__.isp_zone_11_457fdf7b	post
P - 87	-66.9134477002	10.5150395304	__export__.isp_zone_11_457fdf7b	post
P - 88	-66.9136949953	10.5152047956	__export__.isp_zone_11_457fdf7b	post
P - 89	-66.9137282315	10.5152575777	__export__.isp_zone_11_457fdf7b	post
P - 90	-66.9122722773	10.5155498556	__export__.isp_zone_11_457fdf7b	post
P - 91	-66.9122568645	10.5157353556	__export__.isp_zone_11_457fdf7b	post
P - 92	-66.9121569065	10.5159616039	__export__.isp_zone_11_457fdf7b	post
P - 93	-66.9121258623	10.5161578751	__export__.isp_zone_11_457fdf7b	post
P - 94	-66.9120638313	10.5163732404	__export__.isp_zone_11_457fdf7b	post
P - 95	-66.9120030245	10.5166150017	__export__.isp_zone_11_457fdf7b	post
P - 97	-66.9119658033	10.5169203819	__export__.isp_zone_11_457fdf7b	post
P - 98	-66.9119103946	10.5171147577	__export__.isp_zone_11_457fdf7b	post
P - 99	-66.9118475983	10.5174134459	__export__.isp_zone_11_457fdf7b	post
P - 100	-66.9118565808	10.5177075502	__export__.isp_zone_11_457fdf7b	post
P - 101	-66.9119116522	10.5177903541	__export__.isp_zone_11_457fdf7b	post
Poste Propiedad	-66.9117142162	10.5182699246	__export__.isp_zone_11_457fdf7b	post
P - 102	-66.9121620999	10.5178501324	__export__.isp_zone_11_457fdf7b	post
P - 103	-66.9124068371	10.5179144334	__export__.isp_zone_11_457fdf7b	post
P - 104	-66.9126966972	10.5179627982	__export__.isp_zone_11_457fdf7b	post
P - 105	-66.9129121814	10.518024233	__export__.isp_zone_11_457fdf7b	post
P - 106	-66.9131772463	10.5180677825	__export__.isp_zone_11_457fdf7b	post
P - 107	-66.9133664977	10.518145471	__export__.isp_zone_11_457fdf7b	post
P -108	-66.9136206378	10.5181868617	__export__.isp_zone_11_457fdf7b	post
P -109	-66.9138776214	10.5182596307	__export__.isp_zone_11_457fdf7b	post
P - 110	-66.9140927537	10.5182957336	__export__.isp_zone_11_457fdf7b	post
P - 111	-66.9143620555	10.5183954277	__export__.isp_zone_11_457fdf7b	post
P - 112	-66.9146336502	10.5184270666	__export__.isp_zone_11_457fdf7b	post
P - 113	-66.9150180128	10.5184711817	__export__.isp_zone_11_457fdf7b	post
P -114	-66.9153085971	10.5184229072	__export__.isp_zone_11_457fdf7b	post
P - 115	-66.9127775567	10.517658799	__export__.isp_zone_11_457fdf7b	post
P - 116	-66.9128362259	10.5172869643	__export__.isp_zone_11_457fdf7b	post
P - 117	-66.9128751789	10.5169052643	__export__.isp_zone_11_457fdf7b	post
P - 118	-66.9129650937	10.516759089	__export__.isp_zone_11_457fdf7b	post
P - 119	-66.9130305652	10.5165179407	__export__.isp_zone_11_457fdf7b	post
P - 120	-66.9094572847	10.5161138419	__export__.isp_zone_11_457fdf7b	post
P - 121	-66.9122884176	10.5167739021	__export__.isp_zone_11_457fdf7b	post
P - 122	-66.9116203524	10.5177008655	__export__.isp_zone_11_457fdf7b	post
P - 123	-66.9113682999	10.5176887365	__export__.isp_zone_11_457fdf7b	post
P - 125	-66.9108663997	10.51754349	__export__.isp_zone_11_457fdf7b	post
P - 126	-66.9107300419	10.5172219633	__export__.isp_zone_11_457fdf7b	post
P - 127	-66.9105914776	10.5168586947	__export__.isp_zone_11_457fdf7b	post
P - 128	-66.9105885154	10.5166746365	__export__.isp_zone_11_457fdf7b	post
P - 129	-66.9106243467	10.5164823301	__export__.isp_zone_11_457fdf7b	post
P - 130	-66.9103773918	10.5164826804	__export__.isp_zone_11_457fdf7b	post
P - 132	-66.9099852776	10.5162755486	__export__.isp_zone_11_457fdf7b	post
P - 133	-66.9106936789	10.5162514319	__export__.isp_zone_11_457fdf7b	post
P - 134	-66.9107407565	10.5159598359	__export__.isp_zone_11_457fdf7b	post
P - 135	-66.9108249863	10.5156785304	__export__.isp_zone_11_457fdf7b	post
P - 136	-66.9108810272	10.5155154506	__export__.isp_zone_11_457fdf7b	post
P - Nuevo (1)	-66.9113366214	10.5151666052	__export__.isp_zone_11_457fdf7b	post
P - Nuevo (2)	-66.9098707356	10.5160635457	__export__.isp_zone_11_457fdf7b	post
P - Nuevo (3)	-66.90971709	10.515999329	__export__.isp_zone_11_457fdf7b	post
Poste Caraballo 1	-66.9114635028	10.5202209453	__export__.isp_zone_11_457fdf7b	post
Poste Caraballo 2	-66.9112752306	10.5205590066	__export__.isp_zone_11_457fdf7b	post
P1	-66.9104235669	10.5123828115	__export__.isp_zone_11_457fdf7b	post
P2	-66.9103355077	10.5125447309	__export__.isp_zone_11_457fdf7b	post
Poste Nuevo	-66.9102434809	10.5126060487	__export__.isp_zone_11_457fdf7b	post
P3	-66.9103677355	10.5126531827	__export__.isp_zone_11_457fdf7b	post
P6	-66.9100514835	10.5123991397	__export__.isp_zone_11_457fdf7b	post
P8	-66.9099062093	10.5118933757	__export__.isp_zone_11_457fdf7b	post
P9	-66.909699013	10.5118283979	__export__.isp_zone_11_457fdf7b	post
P10	-66.9101795443	10.5127520139	__export__.isp_zone_11_457fdf7b	post
P11	-66.9102527894	10.5129268843	__export__.isp_zone_11_457fdf7b	post
P12	-66.9101838399	10.513032656	__export__.isp_zone_11_457fdf7b	post
P13	-66.9102764848	10.5132525895	__export__.isp_zone_11_457fdf7b	post
P14	-66.909906508	10.5129776274	__export__.isp_zone_11_457fdf7b	post
P15	-66.9096980752	10.5129483564	__export__.isp_zone_11_457fdf7b	post
P16	-66.9094368514	10.5129004565	__export__.isp_zone_11_457fdf7b	post
P17	-66.9091519279	10.5128399183	__export__.isp_zone_11_457fdf7b	post
P18	-66.9092135022	10.5125358016	__export__.isp_zone_11_457fdf7b	post
P19	-66.9092708665	10.5122156215	__export__.isp_zone_11_457fdf7b	post
P20	-66.9093053693	10.5119916822	__export__.isp_zone_11_457fdf7b	post
P21	-66.9089465676	10.5128340817	__export__.isp_zone_11_457fdf7b	post
P22	-66.9086772877	10.5127701882	__export__.isp_zone_11_457fdf7b	post
P23	-66.9091328122	10.5130277537	__export__.isp_zone_11_457fdf7b	post
P24	-66.9090685311	10.513344777	__export__.isp_zone_11_457fdf7b	post
P25	-66.9090233313	10.5136263524	__export__.isp_zone_11_457fdf7b	post
P27	-66.9089490859	10.5140204126	__export__.isp_zone_11_457fdf7b	post
P28	-66.9088881959	10.5143161733	__export__.isp_zone_11_457fdf7b	post
P29	-66.9088221013	10.514637534	__export__.isp_zone_11_457fdf7b	post
P30	-66.9087717092	10.5149380456	__export__.isp_zone_11_457fdf7b	post
P31	-66.9087375338	10.5151189462	__export__.isp_zone_11_457fdf7b	post
P32	-66.9087427185	10.515305893	__export__.isp_zone_11_457fdf7b	post
P33	-66.9086746892	10.5154898662	__export__.isp_zone_11_457fdf7b	post
P34	-66.908637541	10.5156583262	__export__.isp_zone_11_457fdf7b	post
P35	-66.9085966328	10.515041279	__export__.isp_zone_11_457fdf7b	post
P36	-66.9083211915	10.5149924493	__export__.isp_zone_11_457fdf7b	post
P37	-66.9079880756	10.5149347891	__export__.isp_zone_11_457fdf7b	post
P38	-66.9098276086	10.5141979259	__export__.isp_zone_11_457fdf7b	post
P39	-66.9094998337	10.5141424688	__export__.isp_zone_11_457fdf7b	post
P40	-66.9092702252	10.5140837653	__export__.isp_zone_11_457fdf7b	post
P41	-66.9090466026	10.5140372539	__export__.isp_zone_11_457fdf7b	post
P42	-66.908782402	10.513979147	__export__.isp_zone_11_457fdf7b	post
P43	-66.9085559043	10.5139455265	__export__.isp_zone_11_457fdf7b	post
P44	-66.908331295	10.5138417134	__export__.isp_zone_11_457fdf7b	post
P45	-66.9078621275	10.5137575194	__export__.isp_zone_11_457fdf7b	post
P46	-66.9088885061	10.5158128653	__export__.isp_zone_11_457fdf7b	post
P47	-66.9091260944	10.515885373	__export__.isp_zone_11_457fdf7b	post
P48	-66.9094377806	10.5159739926	__export__.isp_zone_11_457fdf7b	post
P49	-66.9096134305	10.5160809541	__export__.isp_zone_11_457fdf7b	post
P-1	-66.9096602206	10.5161550125	__export__.isp_zone_11_457fdf7b	post
P-2	-66.9097778	10.5162778	__export__.isp_zone_11_457fdf7b	post
P-3	-66.9099167	10.5163889	__export__.isp_zone_11_457fdf7b	post
P-4	-66.91	10.5165278	__export__.isp_zone_11_457fdf7b	post
P-5	-66.9101667	10.5167778	__export__.isp_zone_11_457fdf7b	post
P-6	-66.9102222	10.5170833	__export__.isp_zone_11_457fdf7b	post
P-7	-66.9101944	10.5176667	__export__.isp_zone_11_457fdf7b	post
P-8	-66.9101944	10.5178889	__export__.isp_zone_11_457fdf7b	post
P-9	-66.9101389	10.5181111	__export__.isp_zone_11_457fdf7b	post
P-10	-66.9099444	10.5181667	__export__.isp_zone_11_457fdf7b	post
P-11	-66.9099167	10.5180278	__export__.isp_zone_11_457fdf7b	post
P12	-66.9103726162	10.5181862672	__export__.isp_zone_11_457fdf7b	post
P13	-66.9105834374	10.518248127	__export__.isp_zone_11_457fdf7b	post
P14	-66.910745633	10.5183925562	__export__.isp_zone_11_457fdf7b	post
P14apos;	-66.9107741068	10.5185746145	__export__.isp_zone_11_457fdf7b	post
P14quot;	-66.9108754857	10.5189984746	__export__.isp_zone_11_457fdf7b	post
P15	-66.9106025497	10.5184279558	__export__.isp_zone_11_457fdf7b	post
P16	-66.9104036895	10.5185411667	__export__.isp_zone_11_457fdf7b	post
P17	-66.9102266251	10.5186178655	__export__.isp_zone_11_457fdf7b	post
P18	-66.9100890856	10.5186997771	__export__.isp_zone_11_457fdf7b	post
P18apos;	-66.9101912839	10.5188214104	__export__.isp_zone_11_457fdf7b	post
P18	-66.9103989449	10.519028346	__export__.isp_zone_11_457fdf7b	post
P-19	-66.9099167	10.5187222	__export__.isp_zone_11_457fdf7b	post
P20	-66.9097875746	10.5187648642	__export__.isp_zone_11_457fdf7b	post
P-21	-66.9097222	10.5186389	__export__.isp_zone_11_457fdf7b	post
P-22	-66.9096111	10.5183611	__export__.isp_zone_11_457fdf7b	post
P-23	-66.9095556	10.5181944	__export__.isp_zone_11_457fdf7b	post
P-23apos;	-66.9093020113	10.5181533192	__export__.isp_zone_11_457fdf7b	post
P-24	-66.9093206381	10.5179162917	__export__.isp_zone_11_457fdf7b	post
P-24apos;	-66.9090733364	10.5179550081	__export__.isp_zone_11_457fdf7b	post
P-25	-66.9091944	10.51775	__export__.isp_zone_11_457fdf7b	post
P-26	-66.9091111	10.5176389	__export__.isp_zone_11_457fdf7b	post
P-27	-66.9089370963	10.5174745906	__export__.isp_zone_11_457fdf7b	post
P-28	-66.9087222	10.5174167	__export__.isp_zone_11_457fdf7b	post
P-29	-66.9089937148	10.5170127084	__export__.isp_zone_11_457fdf7b	post
P-30	-66.9091667	10.5173333	__export__.isp_zone_11_457fdf7b	post
P-31	-66.9092778	10.5173056	__export__.isp_zone_11_457fdf7b	post
P-32	-66.9095	10.5171944	__export__.isp_zone_11_457fdf7b	post
P-32apos;	-66.9096904525	10.517426751	__export__.isp_zone_11_457fdf7b	post
P-33	-66.9098333	10.5170556	__export__.isp_zone_11_457fdf7b	post
P-34	-66.9098797603	10.5169034097	__export__.isp_zone_11_457fdf7b	post
P-35	-66.9098047293	10.5168169134	__export__.isp_zone_11_457fdf7b	post
P-36	-66.9095312705	10.5167004794	__export__.isp_zone_11_457fdf7b	post
P-37	-66.9093611	10.5165556	__export__.isp_zone_11_457fdf7b	post
P-38	-66.9089722	10.5163611	__export__.isp_zone_11_457fdf7b	post
P-39	-66.9086944	10.51625	__export__.isp_zone_11_457fdf7b	post
P-39apos;	-66.9085140822	10.5163892939	__export__.isp_zone_11_457fdf7b	post
P-40	-66.9085278	10.5161389	__export__.isp_zone_11_457fdf7b	post
P-41	-66.9083056	10.516	__export__.isp_zone_11_457fdf7b	post
P-42	-66.9080833	10.5158333	__export__.isp_zone_11_457fdf7b	post
P-43	-66.9079167	10.5156944	__export__.isp_zone_11_457fdf7b	post
P-44	-66.9076944	10.5155556	__export__.isp_zone_11_457fdf7b	post
P-45	-66.9075833	10.5154444	__export__.isp_zone_11_457fdf7b	post
P-46	-66.9073889	10.5152778	__export__.isp_zone_11_457fdf7b	post
P-47	-66.9071667	10.5151389	__export__.isp_zone_11_457fdf7b	post
P-48	-66.9069167	10.515	__export__.isp_zone_11_457fdf7b	post
P-49	-66.9073730783	10.5149153446	__export__.isp_zone_11_457fdf7b	post
P-50	-66.9077802562	10.5148681126	__export__.isp_zone_11_457fdf7b	post
P-51	-66.9081435894	10.5149178232	__export__.isp_zone_11_457fdf7b	post
P-52	-66.9086073294	10.51499031	__export__.isp_zone_11_457fdf7b	post
P-53	-66.9087222	10.5151111	__export__.isp_zone_11_457fdf7b	post
P-1	-66.9118169874	10.5186417368	__export__.isp_zone_11_457fdf7b	post
P-2	-66.9121272138	10.5186827229	__export__.isp_zone_11_457fdf7b	post
P-3	-66.9127002203	10.5186225047	__export__.isp_zone_11_457fdf7b	post
P-4	-66.9128437377	10.5187445692	__export__.isp_zone_11_457fdf7b	post
P-5	-66.9129563002	10.5187854488	__export__.isp_zone_11_457fdf7b	post
P-6	-66.9129069842	10.5188833593	__export__.isp_zone_11_457fdf7b	post
P-6apos;	-66.9127842929	10.5188923247	__export__.isp_zone_11_457fdf7b	post
P-7	-66.9129734643	10.5189299287	__export__.isp_zone_11_457fdf7b	post
P-7apos;	-66.9128900983	10.5190363604	__export__.isp_zone_11_457fdf7b	post
P-8	-66.9130325673	10.5189903649	__export__.isp_zone_11_457fdf7b	post
P-9	-66.9130951581	10.5190700237	__export__.isp_zone_11_457fdf7b	post
P-10	-66.9130301342	10.519227652	__export__.isp_zone_11_457fdf7b	post
P-11	-66.9132075987	10.519368699	__export__.isp_zone_11_457fdf7b	post
P-12	-66.9134131621	10.5195695223	__export__.isp_zone_11_457fdf7b	post
P-13	-66.9141229398	10.5199843349	__export__.isp_zone_11_457fdf7b	post
P-14	-66.9143040159	10.5200012101	__export__.isp_zone_11_457fdf7b	post
P-15	-66.9147020795	10.5201987628	__export__.isp_zone_11_457fdf7b	post
P-15apos;	-66.9146036742	10.5200922099	__export__.isp_zone_11_457fdf7b	post
P-16	-66.9147083895	10.5203434423	__export__.isp_zone_11_457fdf7b	post
P-17	-66.9140699521	10.5197682202	__export__.isp_zone_11_457fdf7b	post
P-18	-66.9144436792	10.5198787677	__export__.isp_zone_11_457fdf7b	post
P-19	-66.9146804046	10.519949528	__export__.isp_zone_11_457fdf7b	post
P-20	-66.913348539	10.5194353635	__export__.isp_zone_11_457fdf7b	post
P-21	-66.9134307515	10.5192024867	__export__.isp_zone_11_457fdf7b	post
P-22	-66.9131063006	10.5191773764	__export__.isp_zone_11_457fdf7b	post
P-23	-66.9131594709	10.5190782618	__export__.isp_zone_11_457fdf7b	post
P-24	-66.9132808222	10.5191410954	__export__.isp_zone_11_457fdf7b	post
P-25	-66.9124163836	10.5186032124	__export__.isp_zone_11_457fdf7b	post
P-26	-66.9126532985	10.5188785457	__export__.isp_zone_11_457fdf7b	post
P-27	-66.912462772	10.518838157	__export__.isp_zone_11_457fdf7b	post
P-28	-66.9124092424	10.5188854958	__export__.isp_zone_11_457fdf7b	post
P-29	-66.9137309645	10.51945556	__export__.isp_zone_11_457fdf7b	post
P-30	-66.9137812709	10.5193250967	__export__.isp_zone_11_457fdf7b	post
P-31	-66.9140400211	10.5195168157	__export__.isp_zone_11_457fdf7b	post
P-32	-66.9139937288	10.5196832209	__export__.isp_zone_11_457fdf7b	post
P-33	-66.913848671	10.519609822	__export__.isp_zone_11_457fdf7b	post
P-33apos;	-66.9137351701	10.5197436164	__export__.isp_zone_11_457fdf7b	post
P-34	-66.9137487225	10.5195829877	__export__.isp_zone_11_457fdf7b	post
P-34apos;	-66.9136867627	10.5195441666	__export__.isp_zone_11_457fdf7b	post
P-35	-66.9142330553	10.5201675217	__export__.isp_zone_11_457fdf7b	post
P-36	-66.9139533904	10.5200542934	__export__.isp_zone_11_457fdf7b	post
P-37	-66.9138055944	10.5200495726	__export__.isp_zone_11_457fdf7b	post
P-38	-66.9138100934	10.5199819051	__export__.isp_zone_11_457fdf7b	post
P-39	-66.9127618953	10.5193287176	__export__.isp_zone_11_457fdf7b	post
P-40	-66.9125709785	10.5192143024	__export__.isp_zone_11_457fdf7b	post
P-41	-66.9123826718	10.5190642542	__export__.isp_zone_11_457fdf7b	post
P-42	-66.9118113823	10.5189349639	__export__.isp_zone_11_457fdf7b	post
P-43	-66.9120081011	10.5190631352	__export__.isp_zone_11_457fdf7b	post
P-44	-66.9121217948	10.5192267812	__export__.isp_zone_11_457fdf7b	post
P-45	-66.91244916	10.5194718219	__export__.isp_zone_11_457fdf7b	post
P-46	-66.9125334109	10.5195360679	__export__.isp_zone_11_457fdf7b	post
P-47	-66.9125926382	10.5194908128	__export__.isp_zone_11_457fdf7b	post
P-48	-66.9126378062	10.5196131133	__export__.isp_zone_11_457fdf7b	post
P-49	-66.9128056566	10.5197145694	__export__.isp_zone_11_457fdf7b	post
P-50	-66.9128278154	10.5196620665	__export__.isp_zone_11_457fdf7b	post
P-51	-66.9129462711	10.5198238382	__export__.isp_zone_11_457fdf7b	post
P-52	-66.9129921966	10.5197807295	__export__.isp_zone_11_457fdf7b	post
P-53	-66.9131546868	10.5199762521	__export__.isp_zone_11_457fdf7b	post
P-54	-66.9131902015	10.5199271615	__export__.isp_zone_11_457fdf7b	post
P-55	-66.9134429269	10.5201712831	__export__.isp_zone_11_457fdf7b	post
P-56	-66.9134997392	10.5201373178	__export__.isp_zone_11_457fdf7b	post
P-57	-66.9137128275	10.5203211148	__export__.isp_zone_11_457fdf7b	post
P-58	-66.9137508657	10.5202599305	__export__.isp_zone_11_457fdf7b	post
P-59	-66.9139177469	10.5204820029	__export__.isp_zone_11_457fdf7b	post
P-60	-66.9140113667	10.5203893199	__export__.isp_zone_11_457fdf7b	post
P-61	-66.9143200635	10.520650558	__export__.isp_zone_11_457fdf7b	post
P-62	-66.9144134885	10.5205743036	__export__.isp_zone_11_457fdf7b	post
P-63	-66.9145540544	10.5207392622	__export__.isp_zone_11_457fdf7b	post
P-64	-66.9146015117	10.5206687755	__export__.isp_zone_11_457fdf7b	post
P-65	-66.9147096539	10.5207236838	__export__.isp_zone_11_457fdf7b	post
P-66	-66.9144373051	10.5208922803	__export__.isp_zone_11_457fdf7b	post
P-67	-66.9144452904	10.5211384006	__export__.isp_zone_11_457fdf7b	post
P-68	-66.9146330826	10.5212968489	__export__.isp_zone_11_457fdf7b	post
P-69	-66.9143215076	10.5208481449	__export__.isp_zone_11_457fdf7b	post
P-70	-66.9142079694	10.5209236985	__export__.isp_zone_11_457fdf7b	post
P-71	-66.9138913262	10.5207611167	__export__.isp_zone_11_457fdf7b	post
P-72	-66.9136253375	10.5205214283	__export__.isp_zone_11_457fdf7b	post
P-73	-66.9136354036	10.5204607852	__export__.isp_zone_11_457fdf7b	post
P-74	-66.9133516125	10.5205404162	__export__.isp_zone_11_457fdf7b	post
P-75	-66.9129739551	10.5204216942	__export__.isp_zone_11_457fdf7b	post
P-76	-66.9130010748	10.5201587602	__export__.isp_zone_11_457fdf7b	post
P-77	-66.9127368398	10.5201463064	__export__.isp_zone_11_457fdf7b	post
P-78	-66.9124281787	10.5201269713	__export__.isp_zone_11_457fdf7b	post
P79	-66.9122461927	10.5200762984	__export__.isp_zone_11_457fdf7b	post
P-80	-66.9121276435	10.5199422407	__export__.isp_zone_11_457fdf7b	post
P-81	-66.9120624306	10.5197953619	__export__.isp_zone_11_457fdf7b	post
P-82	-66.9122707912	10.5197446506	__export__.isp_zone_11_457fdf7b	post
P-83	-66.9121015101	10.5195110773	__export__.isp_zone_11_457fdf7b	post
P-84	-66.9119929038	10.5193337869	__export__.isp_zone_11_457fdf7b	post
P-85	-66.9118779372	10.5191162016	__export__.isp_zone_11_457fdf7b	post
p-44 (POSTE APROBADO EN PROYECTO ANTERIOR)	-66.9076912731	10.5155369018	__export__.isp_zone_11_457fdf7b	post
001	-66.907408176	10.5154981309	__export__.isp_zone_11_457fdf7b	post
002	-66.9072757448	10.5155774839	__export__.isp_zone_11_457fdf7b	post
003	-66.9071331375	10.5155035836	__export__.isp_zone_11_457fdf7b	post
004	-66.9068674232	10.5154818249	__export__.isp_zone_11_457fdf7b	post
005	-66.9067702514	10.5154756127	__export__.isp_zone_11_457fdf7b	post
006	-66.9066661778	10.5154564226	__export__.isp_zone_11_457fdf7b	post
007	-66.9066480309	10.5155870131	__export__.isp_zone_11_457fdf7b	post
008	-66.9067149669	10.5157991341	__export__.isp_zone_11_457fdf7b	post
009	-66.9066602955	10.5160100768	__export__.isp_zone_11_457fdf7b	post
010	-66.9066046999	10.5161456392	__export__.isp_zone_11_457fdf7b	post
011	-66.9066398613	10.5161547066	__export__.isp_zone_11_457fdf7b	post
012	-66.9066019093	10.516352457	__export__.isp_zone_11_457fdf7b	post
013	-66.9069395928	10.5166756081	__export__.isp_zone_11_457fdf7b	post
014	-66.9070697597	10.5167545937	__export__.isp_zone_11_457fdf7b	post
015	-66.907302561	10.5169714855	__export__.isp_zone_11_457fdf7b	post
016	-66.9075824898	10.5171183357	__export__.isp_zone_11_457fdf7b	post
017	-66.9078095055	10.5172856526	__export__.isp_zone_11_457fdf7b	post
018	-66.9081531154	10.517573125	__export__.isp_zone_11_457fdf7b	post
019	-66.9082579142	10.5176862952	__export__.isp_zone_11_457fdf7b	post
020	-66.9085094662	10.5179317811	__export__.isp_zone_11_457fdf7b	post
021	-66.9087107207	10.5181751686	__export__.isp_zone_11_457fdf7b	post
022	-66.9090624323	10.5186271158	__export__.isp_zone_11_457fdf7b	post
023	-66.9068536515	10.5159117674	__export__.isp_zone_11_457fdf7b	post
024	-66.9069009199	10.5159577834	__export__.isp_zone_11_457fdf7b	post
025	-66.9067451561	10.5156189286	__export__.isp_zone_11_457fdf7b	post
026	-66.90695265	10.51571465	__export__.isp_zone_11_457fdf7b	post
027	-66.9072157341	10.5157587478	__export__.isp_zone_11_457fdf7b	post
028	-66.907530467	10.5158279036	__export__.isp_zone_11_457fdf7b	post
029	-66.9077681621	10.5158839824	__export__.isp_zone_11_457fdf7b	post
030	-66.9078316574	10.516037403	__export__.isp_zone_11_457fdf7b	post
031	-66.9079778656	10.5161048823	__export__.isp_zone_11_457fdf7b	post
032	-66.9081460807	10.51618393	__export__.isp_zone_11_457fdf7b	post
033	-66.9080210091	10.5163635689	__export__.isp_zone_11_457fdf7b	post
034	-66.9092148682	10.5166892194	__export__.isp_zone_11_457fdf7b	post
035	-66.9094396573	10.5166656065	__export__.isp_zone_11_457fdf7b	post
036	-66.9084203641	10.5171845047	__export__.isp_zone_11_457fdf7b	post
037	-66.9084010649	10.5171041012	__export__.isp_zone_11_457fdf7b	post
038	-66.9082675005	10.516974087	__export__.isp_zone_11_457fdf7b	post
039	-66.9081109786	10.5168176683	__export__.isp_zone_11_457fdf7b	post
040	-66.9079265401	10.5166410922	__export__.isp_zone_11_457fdf7b	post
041	-66.90767543	10.5164752283	__export__.isp_zone_11_457fdf7b	post
042	-66.9075341723	10.516424183	__export__.isp_zone_11_457fdf7b	post
043	-66.9073290131	10.5163453878	__export__.isp_zone_11_457fdf7b	post
044	-66.9071515872	10.5162411489	__export__.isp_zone_11_457fdf7b	post
045	-66.9070030694	10.5162063714	__export__.isp_zone_11_457fdf7b	post
046	-66.9069385097	10.5161323414	__export__.isp_zone_11_457fdf7b	post
047	-66.9067939046	10.5160228035	__export__.isp_zone_11_457fdf7b	post
p-20 (POSTE APROBADO EN PROYECTO ANTERIOR)	-66.9097912228	10.518790535	__export__.isp_zone_11_457fdf7b	post
048	-66.9097429238	10.5189152384	__export__.isp_zone_11_457fdf7b	post
049	-66.9096369094	10.5190968392	__export__.isp_zone_11_457fdf7b	post
051	-66.9094999659	10.5192397832	__export__.isp_zone_11_457fdf7b	post
052	-66.9093135723	10.5190473542	__export__.isp_zone_11_457fdf7b	post
053	-66.9092337492	10.5189346007	__export__.isp_zone_11_457fdf7b	post
054	-66.9095409192	10.5193749828	__export__.isp_zone_11_457fdf7b	post
090	-66.9100788075	10.5187128648	__export__.isp_zone_11_457fdf7b	post
p-19 (POSTE APROBADO EN PROYECTO ANTERIOR)	-66.9099107133	10.5186776755	__export__.isp_zone_11_457fdf7b	post
091	-66.910270887	10.5189094355	__export__.isp_zone_11_457fdf7b	post
092	-66.9104203235	10.5190825767	__export__.isp_zone_11_457fdf7b	post
132	-66.9116015447	10.5189022022	__export__.isp_zone_11_457fdf7b	post
133	-66.9064695737	10.5223070588	__export__.isp_zone_11_457fdf7b	post
134	-66.9114766709	10.5192907623	__export__.isp_zone_11_457fdf7b	post
135	-66.9114767445	10.5194947817	__export__.isp_zone_11_457fdf7b	post
136	-66.9116903367	10.5195833051	__export__.isp_zone_11_457fdf7b	post
137	-66.9118136421	10.5198537001	__export__.isp_zone_11_457fdf7b	post
138	-66.9118224017	10.5199746118	__export__.isp_zone_11_457fdf7b	post
139	-66.9118937202	10.520087722	__export__.isp_zone_11_457fdf7b	post
140	-66.9119509289	10.5202080275	__export__.isp_zone_11_457fdf7b	post
p-01 (POSTE APROBADO EN PROYECTO ANTERIOR)	-66.9118560626	10.5177113456	__export__.isp_zone_11_457fdf7b	post
p-36 (POSTE APROBADO EN PROYECTO ANTERIOR)	-66.9095395889	10.5166772673	__export__.isp_zone_11_457fdf7b	post
p-28 (POSTE APROBADO EN PROYECTO ANTERIOR)	-66.908634964	10.5173259829	__export__.isp_zone_11_457fdf7b	post
050	-66.909566193	10.5193020681	__export__.isp_zone_11_457fdf7b	post
133	-66.9115688082	10.5191580906	__export__.isp_zone_11_457fdf7b	post
Poste nuevo 1	-66.9091372782	10.518903247	__export__.isp_zone_11_457fdf7b	post
Poste nueva 2	-66.9098220303	10.5198084496	__export__.isp_zone_11_457fdf7b	post
Poste nuevo 3	-66.9098980982	10.5200930854	__export__.isp_zone_11_457fdf7b	post
Poste nuevo 4	-66.9099688016	10.5202306462	__export__.isp_zone_11_457fdf7b	post
Poste nuevo 5	-66.9099233532	10.5206963931	__export__.isp_zone_11_457fdf7b	post
Poste nuevo 6	-66.9108446642	10.5217375814	__export__.isp_zone_11_457fdf7b	post
055	-66.9094806049	10.5195544304	__export__.isp_zone_11_457fdf7b	post
056	-66.9093208185	10.5195273434	__export__.isp_zone_11_457fdf7b	post
057	-66.9091016839	10.5193679732	__export__.isp_zone_11_457fdf7b	post
058	-66.9089020075	10.5192554688	__export__.isp_zone_11_457fdf7b	post
059	-66.908735433	10.5189614249	__export__.isp_zone_11_457fdf7b	post
060	-66.9095008394	10.5196896186	__export__.isp_zone_11_457fdf7b	post
061	-66.9094994406	10.5198350534	__export__.isp_zone_11_457fdf7b	post
062	-66.909475321	10.5201218328	__export__.isp_zone_11_457fdf7b	post
063	-66.9094583911	10.5204119955	__export__.isp_zone_11_457fdf7b	post
064	-66.9095005072	10.5205221003	__export__.isp_zone_11_457fdf7b	post
065	-66.9096829565	10.520481047	__export__.isp_zone_11_457fdf7b	post
066	-66.9098876776	10.5206604762	__export__.isp_zone_11_457fdf7b	post
067	-66.9100762786	10.5207230453	__export__.isp_zone_11_457fdf7b	post
068	-66.9094072889	10.5205284491	__export__.isp_zone_11_457fdf7b	post
069	-66.9093389319	10.520638081	__export__.isp_zone_11_457fdf7b	post
070	-66.9093412737	10.5208349411	__export__.isp_zone_11_457fdf7b	post
071	-66.9094486668	10.5210110451	__export__.isp_zone_11_457fdf7b	post
072	-66.9096069465	10.5210256297	__export__.isp_zone_11_457fdf7b	post
073	-66.909528738	10.521196433	__export__.isp_zone_11_457fdf7b	post
074	-66.9093371683	10.5212226858	__export__.isp_zone_11_457fdf7b	post
075	-66.9091103622	10.5213033954	__export__.isp_zone_11_457fdf7b	post
076	-66.9090336553	10.5211771227	__export__.isp_zone_11_457fdf7b	post
077	-66.909058721	10.5209092425	__export__.isp_zone_11_457fdf7b	post
078	-66.9089998353	10.5208185896	__export__.isp_zone_11_457fdf7b	post
079	-66.9090016913	10.5205243604	__export__.isp_zone_11_457fdf7b	post
080	-66.908991178	10.5203240332	__export__.isp_zone_11_457fdf7b	post
081	-66.9090923883	10.5202556541	__export__.isp_zone_11_457fdf7b	post
082	-66.9089660363	10.5201808321	__export__.isp_zone_11_457fdf7b	post
083	-66.9088856883	10.5200647058	__export__.isp_zone_11_457fdf7b	post
084	-66.9088929699	10.5197770507	__export__.isp_zone_11_457fdf7b	post
085	-66.9087520509	10.5196803707	__export__.isp_zone_11_457fdf7b	post
086	-66.9084881017	10.5195622952	__export__.isp_zone_11_457fdf7b	post
087	-66.9082556266	10.5193673678	__export__.isp_zone_11_457fdf7b	post
088	-66.9080669857	10.5192080538	__export__.isp_zone_11_457fdf7b	post
089	-66.9077938378	10.5189806875	__export__.isp_zone_11_457fdf7b	post
093	-66.9101772948	10.519336128	__export__.isp_zone_11_457fdf7b	post
094	-66.9101184985	10.5193854784	__export__.isp_zone_11_457fdf7b	post
095	-66.9100771256	10.5193111443	__export__.isp_zone_11_457fdf7b	post
096	-66.9100275005	10.5191776024	__export__.isp_zone_11_457fdf7b	post
097	-66.9098993465	10.5188533339	__export__.isp_zone_11_457fdf7b	post
098	-66.9099316093	10.5194291378	__export__.isp_zone_11_457fdf7b	post
099	-66.9101399825	10.5196747946	__export__.isp_zone_11_457fdf7b	post
100	-66.9102145664	10.5199217334	__export__.isp_zone_11_457fdf7b	post
101	-66.9103326323	10.5200459527	__export__.isp_zone_11_457fdf7b	post
103	-66.9104555127	10.5203306392	__export__.isp_zone_11_457fdf7b	post
104	-66.9107145927	10.5205735039	__export__.isp_zone_11_457fdf7b	post
105	-66.9108661127	10.520738796	__export__.isp_zone_11_457fdf7b	post
106	-66.9110175675	10.5208614163	__export__.isp_zone_11_457fdf7b	post
107	-66.9111373293	10.5209611603	__export__.isp_zone_11_457fdf7b	post
108	-66.9113311236	10.5210379568	__export__.isp_zone_11_457fdf7b	post
109	-66.9114376674	10.5210905175	__export__.isp_zone_11_457fdf7b	post
111	-66.9112893325	10.5212619353	__export__.isp_zone_11_457fdf7b	post
112	-66.9111702362	10.5211391175	__export__.isp_zone_11_457fdf7b	post
113	-66.9108337354	10.5208965346	__export__.isp_zone_11_457fdf7b	post
114	-66.9106401969	10.520750559	__export__.isp_zone_11_457fdf7b	post
115	-66.9104184383	10.5205235261	__export__.isp_zone_11_457fdf7b	post
116	-66.9102332948	10.5203432749	__export__.isp_zone_11_457fdf7b	post
117	-66.9100557686	10.5200591988	__export__.isp_zone_11_457fdf7b	post
118	-66.9099567008	10.5197646018	__export__.isp_zone_11_457fdf7b	post
119	-66.9098943285	10.5193844815	__export__.isp_zone_11_457fdf7b	post
120	-66.9097247258	10.5194828683	__export__.isp_zone_11_457fdf7b	post
121	-66.909891877	10.5192465844	__export__.isp_zone_11_457fdf7b	post
122	-66.9098512325	10.5190717975	__export__.isp_zone_11_457fdf7b	post
123	-66.9111685067	10.5213423039	__export__.isp_zone_11_457fdf7b	post
124	-66.9110042776	10.521522033	__export__.isp_zone_11_457fdf7b	post
125	-66.9110388559	10.5213072182	__export__.isp_zone_11_457fdf7b	post
126	-66.9109829833	10.5212724727	__export__.isp_zone_11_457fdf7b	post
127	-66.9107550517	10.52112808	__export__.isp_zone_11_457fdf7b	post
128	-66.9105957231	10.5210210849	__export__.isp_zone_11_457fdf7b	post
129	-66.9102832683	10.5209389998	__export__.isp_zone_11_457fdf7b	post
130	-66.9103710748	10.5208070701	__export__.isp_zone_11_457fdf7b	post
1	-66.914677141	10.5217377613	__export__.isp_zone_11_457fdf7b	post
2	-66.9145604312	10.5216258822	__export__.isp_zone_11_457fdf7b	post
3	-66.9143201275	10.5218911513	__export__.isp_zone_11_457fdf7b	post
4	-66.9142071391	10.5219475527	__export__.isp_zone_11_457fdf7b	post
5	-66.9140511617	10.5219762757	__export__.isp_zone_11_457fdf7b	post
6	-66.9138619091	10.5219796729	__export__.isp_zone_11_457fdf7b	post
7	-66.9137206379	10.5219753589	__export__.isp_zone_11_457fdf7b	post
8	-66.9134901967	10.5219345264	__export__.isp_zone_11_457fdf7b	post
9	-66.9131676511	10.5216258015	__export__.isp_zone_11_457fdf7b	post
10	-66.913294914	10.5218021691	__export__.isp_zone_11_457fdf7b	post
11	-66.9133274591	10.521745544	__export__.isp_zone_11_457fdf7b	post
12	-66.913233923	10.5218483839	__export__.isp_zone_11_457fdf7b	post
13	-66.9128590732	10.5217900959	__export__.isp_zone_11_457fdf7b	post
14	-66.9126651311	10.5217550148	__export__.isp_zone_11_457fdf7b	post
15	-66.9128656565	10.5215330439	__export__.isp_zone_11_457fdf7b	post
16	-66.9125716336	10.5217360385	__export__.isp_zone_11_457fdf7b	post
17	-66.9116611475	10.5217438525	__export__.isp_zone_11_457fdf7b	post
18	-66.9122245686	10.5216713511	__export__.isp_zone_11_457fdf7b	post
19	-66.9120427338	10.52162463	__export__.isp_zone_11_457fdf7b	post
20	-66.9121487622	10.5214729848	__export__.isp_zone_11_457fdf7b	post
21	-66.9122612123	10.5212709722	__export__.isp_zone_11_457fdf7b	post
22	-66.9123923165	10.5210560311	__export__.isp_zone_11_457fdf7b	post
23	-66.9119604511	10.5215804162	__export__.isp_zone_11_457fdf7b	post
24	-66.9118527451	10.5216189398	__export__.isp_zone_11_457fdf7b	post
25	-66.9117773411	10.5215155473	__export__.isp_zone_11_457fdf7b	post
26	-66.911697557	10.5214542712	__export__.isp_zone_11_457fdf7b	post
27	-66.9117384243	10.5209854173	__export__.isp_zone_11_457fdf7b	post
28	-66.9118495018	10.5212219051	__export__.isp_zone_11_457fdf7b	post
29	-66.9119090994	10.5209248427	__export__.isp_zone_11_457fdf7b	post
30	-66.9121735645	10.5206324455	__export__.isp_zone_11_457fdf7b	post
31	-66.9122437141	10.52058644	__export__.isp_zone_11_457fdf7b	post
32	-66.912399783	10.5204492723	__export__.isp_zone_11_457fdf7b	post
33	-66.9124924473	10.520685509	__export__.isp_zone_11_457fdf7b	post
34	-66.912592488	10.5205435433	__export__.isp_zone_11_457fdf7b	post
35	-66.9128069732	10.5209127378	__export__.isp_zone_11_457fdf7b	post
36	-66.9131000322	10.5210338528	__export__.isp_zone_11_457fdf7b	post
37	-66.9133434735	10.521133726	__export__.isp_zone_11_457fdf7b	post
38	-66.91350489	10.5211924903	__export__.isp_zone_11_457fdf7b	post
39	-66.9135934055	10.5215228745	__export__.isp_zone_11_457fdf7b	post
40	-66.9134949348	10.5216046216	__export__.isp_zone_11_457fdf7b	post
41	-66.9129941955	10.5213471518	__export__.isp_zone_11_457fdf7b	post
42	-66.9128040542	10.5206244885	__export__.isp_zone_11_457fdf7b	post
43	-66.9126503134	10.5203489889	__export__.isp_zone_11_457fdf7b	post
44	-66.9122877695	10.5203765362	__export__.isp_zone_11_457fdf7b	post
45	-66.911935008	10.5201811089	__export__.isp_zone_11_457fdf7b	post
46	-66.9118620324	10.5200880927	__export__.isp_zone_11_457fdf7b	post
47	-66.9118133104	10.5199341627	__export__.isp_zone_11_457fdf7b	post
48	-66.9118639043	10.5198832449	__export__.isp_zone_11_457fdf7b	post
PN	-66.9081943882	10.5203333258	__export__.isp_zone_11_457fdf7b	post
PN	-66.9076111101	10.5206111088	__export__.isp_zone_11_457fdf7b	post
PN	-66.9075000116	10.5203055625	__export__.isp_zone_11_457fdf7b	post
PN	-66.9064999952	10.5152489576	__export__.isp_zone_11_457fdf7b	post
PN	-66.9063333369	10.5152499772	__export__.isp_zone_11_457fdf7b	post
PN	-66.9059999932	10.5150555475	__export__.isp_zone_11_457fdf7b	post
1	-66.9094024557	10.5197121605	__export__.isp_zone_11_457fdf7b	post
2	-66.909341383	10.5198057316	__export__.isp_zone_11_457fdf7b	post
3	-66.909267703	10.5198554186	__export__.isp_zone_11_457fdf7b	post
4	-66.9091531211	10.5199042771	__export__.isp_zone_11_457fdf7b	post
5	-66.9094953319	10.5208930274	__export__.isp_zone_11_457fdf7b	post
6	-66.9095596706	10.5210901637	__export__.isp_zone_11_457fdf7b	post
7	-66.909486699	10.5213962028	__export__.isp_zone_11_457fdf7b	post
8	-66.9093614264	10.5213579276	__export__.isp_zone_11_457fdf7b	post
9	-66.9092367156	10.5214813242	__export__.isp_zone_11_457fdf7b	post
10	-66.9090814444	10.5210916308	__export__.isp_zone_11_457fdf7b	post
11	-66.9088889796	10.520332753	__export__.isp_zone_11_457fdf7b	post
12	-66.9087540523	10.5203630671	__export__.isp_zone_11_457fdf7b	post
13	-66.9087231492	10.5197248149	__export__.isp_zone_11_457fdf7b	post
14	-66.9087723279	10.5197759474	__export__.isp_zone_11_457fdf7b	post
15	-66.9075625034	10.5188542079	__export__.isp_zone_11_457fdf7b	post
16	-66.9072059218	10.5186970551	__export__.isp_zone_11_457fdf7b	post
17	-66.9071440609	10.5187404231	__export__.isp_zone_11_457fdf7b	post
19	-66.907026477	10.5186738765	__export__.isp_zone_11_457fdf7b	post
20	-66.9070347348	10.5185850901	__export__.isp_zone_11_457fdf7b	post
21	-66.9070341405	10.5188260841	__export__.isp_zone_11_457fdf7b	post
22	-66.9070640618	10.5189848523	__export__.isp_zone_11_457fdf7b	post
23	-66.9069801294	10.5191096063	__export__.isp_zone_11_457fdf7b	post
24	-66.9068912306	10.5191813773	__export__.isp_zone_11_457fdf7b	post
25	-66.9069115127	10.5194492803	__export__.isp_zone_11_457fdf7b	post
26	-66.9069466601	10.5195764928	__export__.isp_zone_11_457fdf7b	post
27	-66.9068149527	10.5198514719	__export__.isp_zone_11_457fdf7b	post
29	-66.9073763095	10.5197322686	__export__.isp_zone_11_457fdf7b	post
30	-66.9069262904	10.5198057591	__export__.isp_zone_11_457fdf7b	post
31	-66.9068864998	10.5184518943	__export__.isp_zone_11_457fdf7b	post
32	-66.9067870018	10.5183851542	__export__.isp_zone_11_457fdf7b	post
33	-66.9066861343	10.5183430499	__export__.isp_zone_11_457fdf7b	post
34	-66.9064337166	10.5181957036	__export__.isp_zone_11_457fdf7b	post
36	-66.9061772659	10.5181475837	__export__.isp_zone_11_457fdf7b	post
37	-66.9061015118	10.5180969486	__export__.isp_zone_11_457fdf7b	post
38	-66.9059758707	10.5179887765	__export__.isp_zone_11_457fdf7b	post
40	-66.9059653338	10.5181460586	__export__.isp_zone_11_457fdf7b	post
41	-66.9061404101	10.5183439562	__export__.isp_zone_11_457fdf7b	post
42	-66.9061593789	10.5184453395	__export__.isp_zone_11_457fdf7b	post
43	-66.9062249316	10.5184233237	__export__.isp_zone_11_457fdf7b	post
44	-66.9063365299	10.5184433253	__export__.isp_zone_11_457fdf7b	post
45	-66.9066167843	10.5185990458	__export__.isp_zone_11_457fdf7b	post
46	-66.9067451772	10.5185916393	__export__.isp_zone_11_457fdf7b	post
47	-66.9062305424	10.5185956017	__export__.isp_zone_11_457fdf7b	post
48	-66.9061022835	10.5186344859	__export__.isp_zone_11_457fdf7b	post
50	-66.905880811	10.5187350445	__export__.isp_zone_11_457fdf7b	post
52	-66.9062755762	10.5186678629	__export__.isp_zone_11_457fdf7b	post
54	-66.9065345747	10.5188960151	__export__.isp_zone_11_457fdf7b	post
55	-66.9060447735	10.5178133076	__export__.isp_zone_11_457fdf7b	post
57	-66.9059100714	10.5175738303	__export__.isp_zone_11_457fdf7b	post
58	-66.9055008729	10.5176076589	__export__.isp_zone_11_457fdf7b	post
59	-66.9052212218	10.5173830055	__export__.isp_zone_11_457fdf7b	post
60	-66.9056858451	10.5174520848	__export__.isp_zone_11_457fdf7b	post
61	-66.9057680053	10.5172431144	__export__.isp_zone_11_457fdf7b	post
62	-66.9056962384	10.5170593357	__export__.isp_zone_11_457fdf7b	post
63	-66.9055914818	10.516632175	__export__.isp_zone_11_457fdf7b	post
64	-66.9055871127	10.516258843	__export__.isp_zone_11_457fdf7b	post
65	-66.9055557968	10.5157671951	__export__.isp_zone_11_457fdf7b	post
66	-66.9055713216	10.5156543257	__export__.isp_zone_11_457fdf7b	post
67	-66.9057200157	10.5154253558	__export__.isp_zone_11_457fdf7b	post
68	-66.9058175541	10.5155633557	__export__.isp_zone_11_457fdf7b	post
69	-66.9058826862	10.5153528364	__export__.isp_zone_11_457fdf7b	post
70	-66.9061704446	10.5153272554	__export__.isp_zone_11_457fdf7b	post
71	-66.9063276911	10.515411145	__export__.isp_zone_11_457fdf7b	post
72	-66.9064839213	10.5154328418	__export__.isp_zone_11_457fdf7b	post
73	-66.9064012358	10.5155496098	__export__.isp_zone_11_457fdf7b	post
74	-66.9066141194	10.5154573212	__export__.isp_zone_11_457fdf7b	post
75	-66.9060238261	10.5152818123	__export__.isp_zone_11_457fdf7b	post
76	-66.9060337095	10.5152072349	__export__.isp_zone_11_457fdf7b	post
77	-66.9090242809	10.5214563037	__export__.isp_zone_11_457fdf7b	post
78	-66.9089685142	10.521496986	__export__.isp_zone_11_457fdf7b	post
79	-66.9090816322	10.5215976361	__export__.isp_zone_11_457fdf7b	post
81	-66.9089443446	10.5216562365	__export__.isp_zone_11_457fdf7b	post
82	-66.9085942168	10.5215646613	__export__.isp_zone_11_457fdf7b	post
83	-66.9086276586	10.5217409409	__export__.isp_zone_11_457fdf7b	post
84	-66.9083719593	10.5218310159	__export__.isp_zone_11_457fdf7b	post
85	-66.9084076256	10.5217678833	__export__.isp_zone_11_457fdf7b	post
87	-66.9086306949	10.5215110542	__export__.isp_zone_11_457fdf7b	post
88	-66.9085539481	10.521261036	__export__.isp_zone_11_457fdf7b	post
89	-66.9087072262	10.5212459698	__export__.isp_zone_11_457fdf7b	post
90	-66.9087860678	10.5212143634	__export__.isp_zone_11_457fdf7b	post
91	-66.9085409254	10.5209050211	__export__.isp_zone_11_457fdf7b	post
92	-66.9084269552	10.5206756419	__export__.isp_zone_11_457fdf7b	post
93	-66.908380034	10.5206122649	__export__.isp_zone_11_457fdf7b	post
94	-66.9083154381	10.5205839863	__export__.isp_zone_11_457fdf7b	post
95	-66.9081727789	10.5204526616	__export__.isp_zone_11_457fdf7b	post
96	-66.9078390867	10.5201395708	__export__.isp_zone_11_457fdf7b	post
97	-66.907714328	10.520064308	__export__.isp_zone_11_457fdf7b	post
98	-66.9075762468	10.5200344342	__export__.isp_zone_11_457fdf7b	post
99	-66.9073622313	10.5200716713	__export__.isp_zone_11_457fdf7b	post
100	-66.9073420423	10.5200217705	__export__.isp_zone_11_457fdf7b	post
101	-66.9070270162	10.520164025	__export__.isp_zone_11_457fdf7b	post
102	-66.9044073266	10.5111011542	__export__.isp_zone_11_457fdf7b	post
103	-66.9044374598	10.5112048486	__export__.isp_zone_11_457fdf7b	post
104	-66.9045679378	10.5116515572	__export__.isp_zone_11_457fdf7b	post
105	-66.9046737194	10.5119149962	__export__.isp_zone_11_457fdf7b	post
106	-66.9047616657	10.5119410279	__export__.isp_zone_11_457fdf7b	post
107	-66.9048980735	10.5121917605	__export__.isp_zone_11_457fdf7b	post
108	-66.9050294217	10.5128188	__export__.isp_zone_11_457fdf7b	post
109	-66.9050334112	10.5125225082	__export__.isp_zone_11_457fdf7b	post
110	-66.9049869457	10.5129427676	__export__.isp_zone_11_457fdf7b	post
111	-66.9049261899	10.5130646941	__export__.isp_zone_11_457fdf7b	post
112	-66.9048698979	10.5132105279	__export__.isp_zone_11_457fdf7b	post
113	-66.9048069136	10.5133430379	__export__.isp_zone_11_457fdf7b	post
114	-66.9047118457	10.5135296046	__export__.isp_zone_11_457fdf7b	post
115	-66.9045189718	10.5135346625	__export__.isp_zone_11_457fdf7b	post
116	-66.9043502895	10.5135676141	__export__.isp_zone_11_457fdf7b	post
117	-66.9046703228	10.5136242719	__export__.isp_zone_11_457fdf7b	post
118	-66.9046032248	10.5137647384	__export__.isp_zone_11_457fdf7b	post
119	-66.904696494	10.5137797741	__export__.isp_zone_11_457fdf7b	post
120	-66.9048895415	10.5143162549	__export__.isp_zone_11_457fdf7b	post
121	-66.904857267	10.5136028244	__export__.isp_zone_11_457fdf7b	post
122	-66.9047231941	10.513872111	__export__.isp_zone_11_457fdf7b	post
123	-66.9048483674	10.5142150048	__export__.isp_zone_11_457fdf7b	post
124	-66.9049409378	10.5144085574	__export__.isp_zone_11_457fdf7b	post
125	-66.9048901861	10.5145599188	__export__.isp_zone_11_457fdf7b	post
132	-66.9048040584	10.5146352771	__export__.isp_zone_11_457fdf7b	post
134	-66.9045390122	10.514763579	__export__.isp_zone_11_457fdf7b	post
135	-66.9050149979	10.5150508278	__export__.isp_zone_11_457fdf7b	post
136	-66.9049461869	10.5150391713	__export__.isp_zone_11_457fdf7b	post
137	-66.9048212093	10.5150476868	__export__.isp_zone_11_457fdf7b	post
138	-66.9047581857	10.5149841182	__export__.isp_zone_11_457fdf7b	post
139	-66.9046317647	10.5147887197	__export__.isp_zone_11_457fdf7b	post
140	-66.9044581952	10.5146401256	__export__.isp_zone_11_457fdf7b	post
141	-66.9046134566	10.514448711	__export__.isp_zone_11_457fdf7b	post
142	-66.9050128385	10.5152567167	__export__.isp_zone_11_457fdf7b	post
143	-66.9050838047	10.5152509252	__export__.isp_zone_11_457fdf7b	post
144	-66.9050793868	10.5155809146	__export__.isp_zone_11_457fdf7b	post
146	-66.9049063508	10.5158516725	__export__.isp_zone_11_457fdf7b	post
147	-66.9048497352	10.5160907179	__export__.isp_zone_11_457fdf7b	post
148	-66.9049434951	10.5162520238	__export__.isp_zone_11_457fdf7b	post
149	-66.9049839032	10.5163585983	__export__.isp_zone_11_457fdf7b	post
150	-66.9048773128	10.5161522698	__export__.isp_zone_11_457fdf7b	post
151	-66.9049847239	10.5161518761	__export__.isp_zone_11_457fdf7b	post
152	-66.9050194772	10.5157844291	__export__.isp_zone_11_457fdf7b	post
153	-66.9051422754	10.5166121715	__export__.isp_zone_11_457fdf7b	post
154	-66.904986564	10.5167569749	__export__.isp_zone_11_457fdf7b	post
156	-66.9048763082	10.5170834444	__export__.isp_zone_11_457fdf7b	post
157	-66.9049582767	10.5173242402	__export__.isp_zone_11_457fdf7b	post
158	-66.9050484913	10.5174272309	__export__.isp_zone_11_457fdf7b	post
160	-66.9055488696	10.5180391802	__export__.isp_zone_11_457fdf7b	post
161	-66.9052856508	10.5181928016	__export__.isp_zone_11_457fdf7b	post
162	-66.9053839143	10.5177079048	__export__.isp_zone_11_457fdf7b	post
163	-66.9057094237	10.5180429353	__export__.isp_zone_11_457fdf7b	post
164	-66.9057402061	10.5178850866	__export__.isp_zone_11_457fdf7b	post
166	-66.9056530358	10.5176834624	__export__.isp_zone_11_457fdf7b	post
167	-66.9057709589	10.5182843191	__export__.isp_zone_11_457fdf7b	post
168	-66.9056259489	10.5181340547	__export__.isp_zone_11_457fdf7b	post
170	-66.9056980875	10.5184141605	__export__.isp_zone_11_457fdf7b	post
171	-66.905902755	10.5188424903	__export__.isp_zone_11_457fdf7b	post
172	-66.9060766974	10.5189323297	__export__.isp_zone_11_457fdf7b	post
173	-66.9063067047	10.5189750526	__export__.isp_zone_11_457fdf7b	post
174	-66.9066613703	10.5188784523	__export__.isp_zone_11_457fdf7b	post
176	-66.9069167545	10.5193104202	__export__.isp_zone_11_457fdf7b	post
177	-66.9069511511	10.5192426978	__export__.isp_zone_11_457fdf7b	post
179	-66.9070128821	10.5199268381	__export__.isp_zone_11_457fdf7b	post
180	-66.9074651326	10.5198235901	__export__.isp_zone_11_457fdf7b	post
181	-66.9076871866	10.5199780484	__export__.isp_zone_11_457fdf7b	post
183	-66.90845266	10.5204785565	__export__.isp_zone_11_457fdf7b	post
184	-66.9086139795	10.520647513	__export__.isp_zone_11_457fdf7b	post
189	-66.9051266284	10.5182385356	__export__.isp_zone_11_457fdf7b	post
190	-66.9050164315	10.5182852733	__export__.isp_zone_11_457fdf7b	post
191	-66.9051528319	10.513941803	__export__.isp_zone_11_457fdf7b	post
192	-66.9049435027	10.5140059295	__export__.isp_zone_11_457fdf7b	post
193	-66.9048277104	10.5139719606	__export__.isp_zone_11_457fdf7b	post
194	-66.9046912746	10.5184883218	__export__.isp_zone_11_457fdf7b	post
195	-66.9046232849	10.518385557	__export__.isp_zone_11_457fdf7b	post
196	-66.9053180435	10.518939283	__export__.isp_zone_11_457fdf7b	post
197	-66.9055862799	10.5188016841	__export__.isp_zone_11_457fdf7b	post
198	-66.9055964976	10.5186940239	__export__.isp_zone_11_457fdf7b	post
199	-66.9054038497	10.5184574824	__export__.isp_zone_11_457fdf7b	post
200	-66.9062338068	10.519278446	__export__.isp_zone_11_457fdf7b	post
201	-66.9064329709	10.5191831321	__export__.isp_zone_11_457fdf7b	post
202	-66.9062100656	10.5190963154	__export__.isp_zone_11_457fdf7b	post
203	-66.9065046708	10.5192147049	__export__.isp_zone_11_457fdf7b	post
204	-66.9065430727	10.5191610711	__export__.isp_zone_11_457fdf7b	post
205	-66.9065565352	10.519304138	__export__.isp_zone_11_457fdf7b	post
1	-66.9209607699	10.5207654936	__export__.isp_zone_11_457fdf7b	post
2	-66.9210453688	10.5211199613	__export__.isp_zone_11_457fdf7b	post
3	-66.9211162323	10.521490268	__export__.isp_zone_11_457fdf7b	post
4	-66.9211611711	10.5218137927	__export__.isp_zone_11_457fdf7b	post
5	-66.9212105744	10.5221216685	__export__.isp_zone_11_457fdf7b	post
6	-66.9213183033	10.522539339	__export__.isp_zone_11_457fdf7b	post
7	-66.9210633777	10.522239832	__export__.isp_zone_11_457fdf7b	post
8	-66.920879921	10.5224111389	__export__.isp_zone_11_457fdf7b	post
9	-66.9208769343	10.5222841812	__export__.isp_zone_11_457fdf7b	post
10	-66.9207436934	10.5223000036	__export__.isp_zone_11_457fdf7b	post
11	-66.9206641664	10.5223577524	__export__.isp_zone_11_457fdf7b	post
12	-66.9209469622	10.5227107995	__export__.isp_zone_11_457fdf7b	post
13	-66.921150495	10.5230651577	__export__.isp_zone_11_457fdf7b	post
14	-66.9213220254	10.5233592449	__export__.isp_zone_11_457fdf7b	post
15	-66.9212694593	10.5236088924	__export__.isp_zone_11_457fdf7b	post
16	-66.921241418	10.5236876905	__export__.isp_zone_11_457fdf7b	post
17	-66.9210649374	10.5236948631	__export__.isp_zone_11_457fdf7b	post
18	-66.9208541261	10.5238762787	__export__.isp_zone_11_457fdf7b	post
19	-66.9207440189	10.5240798065	__export__.isp_zone_11_457fdf7b	post
20	-66.9204705128	10.5244181152	__export__.isp_zone_11_457fdf7b	post
21	-66.9202235003	10.5245638146	__export__.isp_zone_11_457fdf7b	post
22	-66.9200696081	10.5245590187	__export__.isp_zone_11_457fdf7b	post
23	-66.9198110192	10.5246325313	__export__.isp_zone_11_457fdf7b	post
24	-66.9194401056	10.5246790977	__export__.isp_zone_11_457fdf7b	post
25	-66.9192558615	10.5247547526	__export__.isp_zone_11_457fdf7b	post
26	-66.9191911916	10.5246870788	__export__.isp_zone_11_457fdf7b	post
27	-66.919234249	10.5248629604	__export__.isp_zone_11_457fdf7b	post
28	-66.9195191238	10.5249378031	__export__.isp_zone_11_457fdf7b	post
29	-66.9207457984	10.5236612649	__export__.isp_zone_11_457fdf7b	post
30	-66.9209563923	10.5233607696	__export__.isp_zone_11_457fdf7b	post
31	-66.9210338904	10.523489543	__export__.isp_zone_11_457fdf7b	post
32	-66.9209401535	10.5235614541	__export__.isp_zone_11_457fdf7b	post
33	-66.9206011934	10.5233173681	__export__.isp_zone_11_457fdf7b	post
34	-66.9204819077	10.5230089118	__export__.isp_zone_11_457fdf7b	post
35	-66.9204447147	10.5228956495	__export__.isp_zone_11_457fdf7b	post
36	-66.9209299488	10.5231704918	__export__.isp_zone_11_457fdf7b	post
37	-66.9207761969	10.5228820453	__export__.isp_zone_11_457fdf7b	post
38	-66.9206786353	10.5227556481	__export__.isp_zone_11_457fdf7b	post
39	-66.9206671825	10.5225889799	__export__.isp_zone_11_457fdf7b	post
40	-66.9206107153	10.5223536857	__export__.isp_zone_11_457fdf7b	post
41	-66.9206223356	10.5221520474	__export__.isp_zone_11_457fdf7b	post
42	-66.920579466	10.5219389786	__export__.isp_zone_11_457fdf7b	post
43	-66.9202908553	10.5229372167	__export__.isp_zone_11_457fdf7b	post
44	-66.920251539	10.5227877087	__export__.isp_zone_11_457fdf7b	post
45	-66.920255189	10.5226706191	__export__.isp_zone_11_457fdf7b	post
46	-66.9199750941	10.5230778101	__export__.isp_zone_11_457fdf7b	post
47	-66.9200020381	10.5230993212	__export__.isp_zone_11_457fdf7b	post
48	-66.9200247407	10.5231923938	__export__.isp_zone_11_457fdf7b	post
49	-66.9200721566	10.5234566574	__export__.isp_zone_11_457fdf7b	post
50	-66.9201176636	10.5236483619	__export__.isp_zone_11_457fdf7b	post
51	-66.9199696004	10.5229893787	__export__.isp_zone_11_457fdf7b	post
52	-66.9199303501	10.5227126502	__export__.isp_zone_11_457fdf7b	post
53	-66.9198721595	10.5223578832	__export__.isp_zone_11_457fdf7b	post
54	-66.9198553992	10.5222487648	__export__.isp_zone_11_457fdf7b	post
55	-66.9195868481	10.5223931745	__export__.isp_zone_11_457fdf7b	post
56	-66.9194839428	10.5222968051	__export__.isp_zone_11_457fdf7b	post
57	-66.9193068835	10.5222193975	__export__.isp_zone_11_457fdf7b	post
58	-66.9197501975	10.5230373068	__export__.isp_zone_11_457fdf7b	post
59	-66.9195943533	10.5229370211	__export__.isp_zone_11_457fdf7b	post
60	-66.9195635698	10.5230899563	__export__.isp_zone_11_457fdf7b	post
61	-66.9196449577	10.5231701486	__export__.isp_zone_11_457fdf7b	post
62	-66.9197120473	10.523468934	__export__.isp_zone_11_457fdf7b	post
63	-66.9197682603	10.5237551316	__export__.isp_zone_11_457fdf7b	post
64	-66.9197459857	10.5240398705	__export__.isp_zone_11_457fdf7b	post
65	-66.9198548957	10.5241313324	__export__.isp_zone_11_457fdf7b	post
66	-66.9199824615	10.5240716139	__export__.isp_zone_11_457fdf7b	post
67	-66.9201740537	10.5239868511	__export__.isp_zone_11_457fdf7b	post
68	-66.919734723	10.5242792776	__export__.isp_zone_11_457fdf7b	post
69	-66.9198657392	10.524201327	__export__.isp_zone_11_457fdf7b	post
70	-66.9195480657	10.5243880719	__export__.isp_zone_11_457fdf7b	post
71	-66.9193410464	10.5244319406	__export__.isp_zone_11_457fdf7b	post
72	-66.9191599713	10.5245000998	__export__.isp_zone_11_457fdf7b	post
73	-66.9196317301	10.5239202538	__export__.isp_zone_11_457fdf7b	post
74	-66.9194890008	10.5237986512	__export__.isp_zone_11_457fdf7b	post
75	-66.9192974896	10.5235582329	__export__.isp_zone_11_457fdf7b	post
76	-66.9191325443	10.5236748279	__export__.isp_zone_11_457fdf7b	post
77	-66.9190708097	10.5236329756	__export__.isp_zone_11_457fdf7b	post
78	-66.9188734315	10.5238667807	__export__.isp_zone_11_457fdf7b	post
79	-66.9186428311	10.5238275307	__export__.isp_zone_11_457fdf7b	post
80	-66.9183785159	10.5236588989	__export__.isp_zone_11_457fdf7b	post
81	-66.9182148483	10.5236012234	__export__.isp_zone_11_457fdf7b	post
82	-66.9180081558	10.5236261182	__export__.isp_zone_11_457fdf7b	post
83	-66.9179548594	10.5233932351	__export__.isp_zone_11_457fdf7b	post
84	-66.9179728122	10.5231531453	__export__.isp_zone_11_457fdf7b	post
85	-66.9180765971	10.5228980654	__export__.isp_zone_11_457fdf7b	post
86	-66.9181078482	10.5226956926	__export__.isp_zone_11_457fdf7b	post
87	-66.9181920612	10.5225282778	__export__.isp_zone_11_457fdf7b	post
88	-66.9183064044	10.522508903	__export__.isp_zone_11_457fdf7b	post
89	-66.9183656752	10.5225138184	__export__.isp_zone_11_457fdf7b	post
90	-66.9184034996	10.5225175835	__export__.isp_zone_11_457fdf7b	post
91	-66.9184772224	10.5224852312	__export__.isp_zone_11_457fdf7b	post
92	-66.9186221349	10.5224507205	__export__.isp_zone_11_457fdf7b	post
93	-66.9186811755	10.522428809	__export__.isp_zone_11_457fdf7b	post
94	-66.9186910725	10.5226331906	__export__.isp_zone_11_457fdf7b	post
95	-66.9186487348	10.5226478983	__export__.isp_zone_11_457fdf7b	post
96	-66.9186104982	10.5227614351	__export__.isp_zone_11_457fdf7b	post
97	-66.9184720003	10.5228163423	__export__.isp_zone_11_457fdf7b	post
98	-66.9182856904	10.52285238	__export__.isp_zone_11_457fdf7b	post
99	-66.9190777597	10.5233330435	__export__.isp_zone_11_457fdf7b	post
100	-66.9189206205	10.5231798517	__export__.isp_zone_11_457fdf7b	post
101	-66.9186965739	10.523066338	__export__.isp_zone_11_457fdf7b	post
102	-66.9186098219	10.523098661	__export__.isp_zone_11_457fdf7b	post
103	-66.9182797202	10.5232084757	__export__.isp_zone_11_457fdf7b	post
104	-66.9188697557	10.5229250849	__export__.isp_zone_11_457fdf7b	post
105	-66.9190099492	10.5227559471	__export__.isp_zone_11_457fdf7b	post
106	-66.9191907459	10.5225357202	__export__.isp_zone_11_457fdf7b	post
107	-66.919278097	10.5223977831	__export__.isp_zone_11_457fdf7b	post
108	-66.9194487587	10.5224792606	__export__.isp_zone_11_457fdf7b	post
109	-66.9195376504	10.5227275397	__export__.isp_zone_11_457fdf7b	post
110	-66.9191538947	10.5230991696	__export__.isp_zone_11_457fdf7b	post
111	-66.9192167476	10.5231431274	__export__.isp_zone_11_457fdf7b	post
112	-66.9193889875	10.5231583885	__export__.isp_zone_11_457fdf7b	post
113	-66.9192144738	10.5222970173	__export__.isp_zone_11_457fdf7b	post
114	-66.9191385744	10.5223085305	__export__.isp_zone_11_457fdf7b	post
115	-66.9192670046	10.5218800918	__export__.isp_zone_11_457fdf7b	post
116	-66.9192811024	10.5216312619	__export__.isp_zone_11_457fdf7b	post
117	-66.9191824818	10.521623903	__export__.isp_zone_11_457fdf7b	post
118	-66.9190695876	10.5214165214	__export__.isp_zone_11_457fdf7b	post
119	-66.9189676922	10.5214183431	__export__.isp_zone_11_457fdf7b	post
120	-66.9185941105	10.5214642689	__export__.isp_zone_11_457fdf7b	post
121	-66.9184542583	10.5215209502	__export__.isp_zone_11_457fdf7b	post
122	-66.9183624477	10.5214653466	__export__.isp_zone_11_457fdf7b	post
123	-66.9180904888	10.5214790474	__export__.isp_zone_11_457fdf7b	post
124	-66.9180933381	10.5216881068	__export__.isp_zone_11_457fdf7b	post
125	-66.9181037873	10.5219634969	__export__.isp_zone_11_457fdf7b	post
126	-66.9180031005	10.5221911697	__export__.isp_zone_11_457fdf7b	post
127	-66.9181443456	10.5221774954	__export__.isp_zone_11_457fdf7b	post
128	-66.9183295734	10.5221303806	__export__.isp_zone_11_457fdf7b	post
129	-66.9184681904	10.52211408	__export__.isp_zone_11_457fdf7b	post
130	-66.9185570088	10.5220463972	__export__.isp_zone_11_457fdf7b	post
131	-66.9185894729	10.5222620291	__export__.isp_zone_11_457fdf7b	post
132	-66.9187233765	10.5222910843	__export__.isp_zone_11_457fdf7b	post
133	-66.9188067373	10.5222303313	__export__.isp_zone_11_457fdf7b	post
134	-66.9188328466	10.5221032029	__export__.isp_zone_11_457fdf7b	post
135	-66.9191089057	10.5216413426	__export__.isp_zone_11_457fdf7b	post
136	-66.9191161524	10.5216980591	__export__.isp_zone_11_457fdf7b	post
137	-66.9188648755	10.5216754639	__export__.isp_zone_11_457fdf7b	post
138	-66.9187547226	10.5216850863	__export__.isp_zone_11_457fdf7b	post
139	-66.9190820698	10.5217534011	__export__.isp_zone_11_457fdf7b	post
140	-66.9190525483	10.5217504852	__export__.isp_zone_11_457fdf7b	post
141	-66.918837474	10.5217813644	__export__.isp_zone_11_457fdf7b	post
142	-66.9185653263	10.5216818549	__export__.isp_zone_11_457fdf7b	post
143	-66.9182308375	10.5218736994	__export__.isp_zone_11_457fdf7b	post
144	-66.9182578576	10.5219757323	__export__.isp_zone_11_457fdf7b	post
145	-66.9178397793	10.5224125496	__export__.isp_zone_11_457fdf7b	post
146	-66.9177699895	10.5226044513	__export__.isp_zone_11_457fdf7b	post
147	-66.9176083617	10.5228241151	__export__.isp_zone_11_457fdf7b	post
148	-66.9179970042	10.5225527773	__export__.isp_zone_11_457fdf7b	post
149	-66.9182554283	10.5216749608	__export__.isp_zone_11_457fdf7b	post
150	-66.9191232782	10.5218935033	__export__.isp_zone_11_457fdf7b	post
151	-66.9191222699	10.5221390736	__export__.isp_zone_11_457fdf7b	post
152	-66.9190237944	10.5225086938	__export__.isp_zone_11_457fdf7b	post
153	-66.9188113883	10.5225677894	__export__.isp_zone_11_457fdf7b	post
1	-66.9155912595	10.5213536101	__export__.isp_zone_11_457fdf7b	post
2	-66.9156476891	10.5213080697	__export__.isp_zone_11_457fdf7b	post
3	-66.9158112668	10.5211999871	__export__.isp_zone_11_457fdf7b	post
4	-66.9157850346	10.5211545163	__export__.isp_zone_11_457fdf7b	post
5	-66.9159410666	10.5211166298	__export__.isp_zone_11_457fdf7b	post
6	-66.9160289015	10.5211443012	__export__.isp_zone_11_457fdf7b	post
7	-66.9161358208	10.5209594273	__export__.isp_zone_11_457fdf7b	post
8	-66.9161668507	10.5212346618	__export__.isp_zone_11_457fdf7b	post
9	-66.9162179281	10.5212412109	__export__.isp_zone_11_457fdf7b	post
10	-66.9161605721	10.5213956788	__export__.isp_zone_11_457fdf7b	post
11	-66.9162262792	10.5216744235	__export__.isp_zone_11_457fdf7b	post
12	-66.9162655807	10.5217003626	__export__.isp_zone_11_457fdf7b	post
13	-66.9163358232	10.5216484765	__export__.isp_zone_11_457fdf7b	post
14	-66.9161584753	10.5217159778	__export__.isp_zone_11_457fdf7b	post
15	-66.9164946122	10.5216935242	__export__.isp_zone_11_457fdf7b	post
16	-66.9168378765	10.5217381272	__export__.isp_zone_11_457fdf7b	post
17	-66.9171798641	10.5216824494	__export__.isp_zone_11_457fdf7b	post
18	-66.9175199397	10.5217218516	__export__.isp_zone_11_457fdf7b	post
19	-66.9177427589	10.5216783109	__export__.isp_zone_11_457fdf7b	post
20	-66.9179052919	10.5217425237	__export__.isp_zone_11_457fdf7b	post
21	-66.9176287042	10.5219337267	__export__.isp_zone_11_457fdf7b	post
22	-66.9175776892	10.5220701867	__export__.isp_zone_11_457fdf7b	post
23	-66.9175694864	10.5218610856	__export__.isp_zone_11_457fdf7b	post
24	-66.9172849423	10.5218270902	__export__.isp_zone_11_457fdf7b	post
25	-66.9170171562	10.521826182	__export__.isp_zone_11_457fdf7b	post
26	-66.916709161	10.5218253024	__export__.isp_zone_11_457fdf7b	post
27	-66.9163755379	10.5218486929	__export__.isp_zone_11_457fdf7b	post
28	-66.9162592979	10.521872684	__export__.isp_zone_11_457fdf7b	post
29	-66.9162499641	10.5218886488	__export__.isp_zone_11_457fdf7b	post
30	-66.91803799	10.5214843162	__export__.isp_zone_11_457fdf7b	post
31	-66.9160506127	10.5213488049	__export__.isp_zone_11_457fdf7b	post
32	-66.9159655158	10.5216263391	__export__.isp_zone_11_457fdf7b	post
33	-66.9158912746	10.5218070113	__export__.isp_zone_11_457fdf7b	post
34	-66.9158652405	10.5220878021	__export__.isp_zone_11_457fdf7b	post
35	-66.9156715564	10.5220026348	__export__.isp_zone_11_457fdf7b	post
36	-66.9157313182	10.5218125069	__export__.isp_zone_11_457fdf7b	post
37	-66.915681185	10.5217623719	__export__.isp_zone_11_457fdf7b	post
38	-66.9156769596	10.5215456787	__export__.isp_zone_11_457fdf7b	post
39	-66.9162711261	10.520738464	__export__.isp_zone_11_457fdf7b	post
40	-66.9165231893	10.5207897005	__export__.isp_zone_11_457fdf7b	post
41	-66.9166792609	10.5212216513	__export__.isp_zone_11_457fdf7b	post
42	-66.916593261	10.5207294896	__export__.isp_zone_11_457fdf7b	post
43	-66.9168598341	10.5205579348	__export__.isp_zone_11_457fdf7b	post
44	-66.9170706958	10.5204442127	__export__.isp_zone_11_457fdf7b	post
45	-66.9172266483	10.5203610859	__export__.isp_zone_11_457fdf7b	post
46	-66.9175678418	10.520278878	__export__.isp_zone_11_457fdf7b	post
47	-66.9178721576	10.5202188852	__export__.isp_zone_11_457fdf7b	post
48	-66.9181944024	10.5201614916	__export__.isp_zone_11_457fdf7b	post
49	-66.9184810075	10.5201143231	__export__.isp_zone_11_457fdf7b	post
50	-66.9186747603	10.5203131508	__export__.isp_zone_11_457fdf7b	post
51	-66.9188781734	10.5205323474	__export__.isp_zone_11_457fdf7b	post
52	-66.9190347694	10.5207180553	__export__.isp_zone_11_457fdf7b	post
53	-66.9191397436	10.5208769931	__export__.isp_zone_11_457fdf7b	post
54	-66.9192174106	10.5210977971	__export__.isp_zone_11_457fdf7b	post
55	-66.9192403338	10.5211506407	__export__.isp_zone_11_457fdf7b	post
56	-66.9191866557	10.5212282684	__export__.isp_zone_11_457fdf7b	post
57	-66.9194290801	10.5211907848	__export__.isp_zone_11_457fdf7b	post
58	-66.9191787498	10.5212913228	__export__.isp_zone_11_457fdf7b	post
59	-66.919256556	10.5213776989	__export__.isp_zone_11_457fdf7b	post
60	-66.9191819759	10.5214733618	__export__.isp_zone_11_457fdf7b	post
61	-66.9182304543	10.5199750121	__export__.isp_zone_11_457fdf7b	post
62	-66.9182646143	10.5197575563	__export__.isp_zone_11_457fdf7b	post
63	-66.9182879342	10.5196876771	__export__.isp_zone_11_457fdf7b	post
64	-66.9183304105	10.5193205923	__export__.isp_zone_11_457fdf7b	post
65	-66.9184019276	10.5193083032	__export__.isp_zone_11_457fdf7b	post
66	-66.9181611505	10.5192127636	__export__.isp_zone_11_457fdf7b	post
67	-66.9181994116	10.5191508384	__export__.isp_zone_11_457fdf7b	post
68	-66.9184636014	10.5192121124	__export__.isp_zone_11_457fdf7b	post
69	-66.9185405019	10.5192064464	__export__.isp_zone_11_457fdf7b	post
70	-66.9186886098	10.5192097126	__export__.isp_zone_11_457fdf7b	post
71	-66.9188939943	10.5192254593	__export__.isp_zone_11_457fdf7b	post
72	-66.9190397679	10.5192296025	__export__.isp_zone_11_457fdf7b	post
73	-66.9191191148	10.5192457835	__export__.isp_zone_11_457fdf7b	post
74	-66.9191424883	10.5192589755	__export__.isp_zone_11_457fdf7b	post
75	-66.9181011222	10.5188037575	__export__.isp_zone_11_457fdf7b	post
76	-66.9184354713	10.5187387397	__export__.isp_zone_11_457fdf7b	post
77	-66.9188414673	10.5187220237	__export__.isp_zone_11_457fdf7b	post
78	-66.9189711386	10.5186948547	__export__.isp_zone_11_457fdf7b	post
79	-66.9180638578	10.5185714035	__export__.isp_zone_11_457fdf7b	post
80	-66.9180429078	10.518440133	__export__.isp_zone_11_457fdf7b	post
81	-66.9179035247	10.5182672565	__export__.isp_zone_11_457fdf7b	post
82	-66.9178149199	10.5181816181	__export__.isp_zone_11_457fdf7b	post
83	-66.9182801357	10.5181433317	__export__.isp_zone_11_457fdf7b	post
84	-66.9186559195	10.5181417879	__export__.isp_zone_11_457fdf7b	post
85	-66.9179251468	10.5180277399	__export__.isp_zone_11_457fdf7b	post
86	-66.9178853877	10.5178734414	__export__.isp_zone_11_457fdf7b	post
87	-66.9179242851	10.5177792306	__export__.isp_zone_11_457fdf7b	post
88	-66.9178351336	10.5178457132	__export__.isp_zone_11_457fdf7b	post
89	-66.9181919322	10.5178502639	__export__.isp_zone_11_457fdf7b	post
90	-66.9184073896	10.5178566207	__export__.isp_zone_11_457fdf7b	post
91	-66.9177091934	10.5178353764	__export__.isp_zone_11_457fdf7b	post
92	-66.9173803141	10.5178274485	__export__.isp_zone_11_457fdf7b	post
93	-66.9169799643	10.5178123547	__export__.isp_zone_11_457fdf7b	post
94	-66.9169096438	10.5173438193	__export__.isp_zone_11_457fdf7b	post
95	-66.9170012809	10.5172723505	__export__.isp_zone_11_457fdf7b	post
96	-66.9168646799	10.5172223291	__export__.isp_zone_11_457fdf7b	post
98	-66.9171461999	10.5172684347	__export__.isp_zone_11_457fdf7b	post
97	-66.9175924264	10.5173164969	__export__.isp_zone_11_457fdf7b	post
99	-66.916942076	10.5171240588	__export__.isp_zone_11_457fdf7b	post
100	-66.9169865507	10.5168353059	__export__.isp_zone_11_457fdf7b	post
101	-66.9171528958	10.5168589333	__export__.isp_zone_11_457fdf7b	post
102	-66.9173374202	10.5168705279	__export__.isp_zone_11_457fdf7b	post
103	-66.9167619495	10.5168312551	__export__.isp_zone_11_457fdf7b	post
104	-66.9164848204	10.5168063819	__export__.isp_zone_11_457fdf7b	post
105	-66.9163918718	10.5167926048	__export__.isp_zone_11_457fdf7b	post
106	-66.9164130675	10.5168677492	__export__.isp_zone_11_457fdf7b	post
107	-66.9167216791	10.5172264707	__export__.isp_zone_11_457fdf7b	post
108	-66.9165591888	10.5172757487	__export__.isp_zone_11_457fdf7b	post
109	-66.9164431755	10.5173563333	__export__.isp_zone_11_457fdf7b	post
110	-66.9162023157	10.51745763	__export__.isp_zone_11_457fdf7b	post
111	-66.9160649791	10.5173712686	__export__.isp_zone_11_457fdf7b	post
112	-66.9162312431	10.5175891365	__export__.isp_zone_11_457fdf7b	post
113	-66.9161230364	10.5176848181	__export__.isp_zone_11_457fdf7b	post
114	-66.9161731112	10.5178194982	__export__.isp_zone_11_457fdf7b	post
115	-66.9163536867	10.517770718	__export__.isp_zone_11_457fdf7b	post
116	-66.9164256436	10.5178544522	__export__.isp_zone_11_457fdf7b	post
117	-66.9165435957	10.518017012	__export__.isp_zone_11_457fdf7b	post
118	-66.91662325	10.518173128	__export__.isp_zone_11_457fdf7b	post
119	-66.9166918106	10.5182960093	__export__.isp_zone_11_457fdf7b	post
120	-66.9167540333	10.5178131145	__export__.isp_zone_11_457fdf7b	post
121	-66.9167621789	10.5182708998	__export__.isp_zone_11_457fdf7b	post
122	-66.9169461652	10.5182693032	__export__.isp_zone_11_457fdf7b	post
123	-66.9171480936	10.5181929184	__export__.isp_zone_11_457fdf7b	post
124	-66.9174489364	10.5181718053	__export__.isp_zone_11_457fdf7b	post
125	-66.9167047616	10.5183878687	__export__.isp_zone_11_457fdf7b	post
126	-66.9166296625	10.5186076269	__export__.isp_zone_11_457fdf7b	post
127	-66.9165823495	10.518864168	__export__.isp_zone_11_457fdf7b	post
128	-66.9165313705	10.5188315637	__export__.isp_zone_11_457fdf7b	post
129	-66.9165578907	10.5193050902	__export__.isp_zone_11_457fdf7b	post
130	-66.9165408852	10.5193863189	__export__.isp_zone_11_457fdf7b	post
131	-66.9164868129	10.5194513063	__export__.isp_zone_11_457fdf7b	post
132	-66.9163761174	10.5199105283	__export__.isp_zone_11_457fdf7b	post
133	-66.9163673783	10.5199725328	__export__.isp_zone_11_457fdf7b	post
134	-66.9162434759	10.5199514007	__export__.isp_zone_11_457fdf7b	post
135	-66.9168925866	10.5202211451	__export__.isp_zone_11_457fdf7b	post
136	-66.9166925782	10.5202370263	__export__.isp_zone_11_457fdf7b	post
137	-66.916215694	10.5200953034	__export__.isp_zone_11_457fdf7b	post
138	-66.9159636855	10.5198943122	__export__.isp_zone_11_457fdf7b	post
139	-66.9156895141	10.5198718422	__export__.isp_zone_11_457fdf7b	post
140	-66.9156883803	10.5197305514	__export__.isp_zone_11_457fdf7b	post
141	-66.9157692218	10.5194960926	__export__.isp_zone_11_457fdf7b	post
142	-66.9164427261	10.5180182743	__export__.isp_zone_11_457fdf7b	post
143	-66.9164412186	10.518263684	__export__.isp_zone_11_457fdf7b	post
144	-66.9164998856	10.5182994761	__export__.isp_zone_11_457fdf7b	post
145	-66.9163864704	10.5185910531	__export__.isp_zone_11_457fdf7b	post
146	-66.916422003	10.518655432	__export__.isp_zone_11_457fdf7b	post
147	-66.916364047	10.5188885029	__export__.isp_zone_11_457fdf7b	post
148	-66.9162551201	10.5189457154	__export__.isp_zone_11_457fdf7b	post
149	-66.9161492132	10.5187724136	__export__.isp_zone_11_457fdf7b	post
150	-66.9160819247	10.5207859014	__export__.isp_zone_11_457fdf7b	post
P N	-66.9165152176	10.5220298715	__export__.isp_zone_11_457fdf7b	post
P N	-66.916750056	10.5220296185	__export__.isp_zone_11_457fdf7b	post
P N	-66.9170073144	10.5220148946	__export__.isp_zone_11_457fdf7b	post
P N	-66.917304791	10.5220324297	__export__.isp_zone_11_457fdf7b	post
P N	-66.9193356062	10.5193127566	__export__.isp_zone_11_457fdf7b	post
P N	-66.9195455156	10.5192925294	__export__.isp_zone_11_457fdf7b	post
A1	-66.904056148	10.5152001253	__export__.isp_zone_11_457fdf7b	post
A2	-66.9040527211	10.5155022125	__export__.isp_zone_11_457fdf7b	post
A3	-66.9039237122	10.5153533028	__export__.isp_zone_11_457fdf7b	post
A4	-66.9038864111	10.5154099162	__export__.isp_zone_11_457fdf7b	post
A5	-66.9036907539	10.5156781887	__export__.isp_zone_11_457fdf7b	post
A6	-66.9036540734	10.515688588	__export__.isp_zone_11_457fdf7b	post
A7	-66.9038587694	10.5157912974	__export__.isp_zone_11_457fdf7b	post
A8	-66.9034665757	10.515993082	__export__.isp_zone_11_457fdf7b	post
A9	-66.9036188534	10.5161291994	__export__.isp_zone_11_457fdf7b	post
A10	-66.9031722068	10.5161378283	__export__.isp_zone_11_457fdf7b	post
A11	-66.9028972597	10.5161819222	__export__.isp_zone_11_457fdf7b	post
A12	-66.9024515148	10.5162526603	__export__.isp_zone_11_457fdf7b	post
A13	-66.9021977845	10.516233715	__export__.isp_zone_11_457fdf7b	post
A14	-66.9020358208	10.5163561759	__export__.isp_zone_11_457fdf7b	post
A15	-66.9021134262	10.516524204	__export__.isp_zone_11_457fdf7b	post
A16	-66.9016640611	10.5167365278	__export__.isp_zone_11_457fdf7b	post
A17	-66.9011722067	10.5174325345	__export__.isp_zone_11_457fdf7b	post
A18	-66.9008934958	10.5177642889	__export__.isp_zone_11_457fdf7b	post
A19	-66.9007715358	10.5178572132	__export__.isp_zone_11_457fdf7b	post
A20	-66.9005521385	10.5179885553	__export__.isp_zone_11_457fdf7b	post
A21	-66.9002482817	10.5180858744	__export__.isp_zone_11_457fdf7b	post
A22	-66.8999630369	10.518124708	__export__.isp_zone_11_457fdf7b	post
A23	-66.8995666443	10.5180188377	__export__.isp_zone_11_457fdf7b	post
A24	-66.8991933891	10.5180358786	__export__.isp_zone_11_457fdf7b	post
A25	-66.8987889734	10.5180752838	__export__.isp_zone_11_457fdf7b	post
A26	-66.8985460728	10.5182302791	__export__.isp_zone_11_457fdf7b	post
A27	-66.8983808521	10.5184702835	__export__.isp_zone_11_457fdf7b	post
A28	-66.8982064965	10.5188232684	__export__.isp_zone_11_457fdf7b	post
A29	-66.898064881	10.5190523075	__export__.isp_zone_11_457fdf7b	post
A30	-66.8978620975	10.5193819982	__export__.isp_zone_11_457fdf7b	post
A31	-66.8979994596	10.5192337942	__export__.isp_zone_11_457fdf7b	post
A32	-66.8984174907	10.5192950725	__export__.isp_zone_11_457fdf7b	post
A33	-66.8988470893	10.5193042932	__export__.isp_zone_11_457fdf7b	post
A34	-66.8991695484	10.5193330627	__export__.isp_zone_11_457fdf7b	post
A35	-66.8995590378	10.5193731603	__export__.isp_zone_11_457fdf7b	post
A36	-66.8997985259	10.5194565651	__export__.isp_zone_11_457fdf7b	post
A37	-66.9003909998	10.5197332446	__export__.isp_zone_11_457fdf7b	post
A38	-66.9006884423	10.5198370163	__export__.isp_zone_11_457fdf7b	post
A39	-66.9008467136	10.5198604133	__export__.isp_zone_11_457fdf7b	post
A40	-66.901224542	10.5199811795	__export__.isp_zone_11_457fdf7b	post
A41	-66.9014592235	10.5198083345	__export__.isp_zone_11_457fdf7b	post
A42	-66.9016920874	10.5199036533	__export__.isp_zone_11_457fdf7b	post
A43	-66.9020153953	10.5200225883	__export__.isp_zone_11_457fdf7b	post
A44	-66.9022878873	10.5201446332	__export__.isp_zone_11_457fdf7b	post
A45	-66.9022367383	10.5203140929	__export__.isp_zone_11_457fdf7b	post
A46	-66.9019092325	10.520540195	__export__.isp_zone_11_457fdf7b	post
A47	-66.9015966989	10.5207191247	__export__.isp_zone_11_457fdf7b	post
A48	-66.9013319688	10.5208684001	__export__.isp_zone_11_457fdf7b	post
A49	-66.901047993	10.5213093167	__export__.isp_zone_11_457fdf7b	post
A50	-66.9010918684	10.5214051439	__export__.isp_zone_11_457fdf7b	post
A51	-66.9011952696	10.5217325667	__export__.isp_zone_11_457fdf7b	post
A52	-66.9014232083	10.5220731066	__export__.isp_zone_11_457fdf7b	post
A53	-66.9015902245	10.5222027098	__export__.isp_zone_11_457fdf7b	post
A54	-66.9017534284	10.5221799869	__export__.isp_zone_11_457fdf7b	post
A55	-66.9018169331	10.5220370886	__export__.isp_zone_11_457fdf7b	post
A56	-66.9019701635	10.5219004082	__export__.isp_zone_11_457fdf7b	post
A57	-66.9020051566	10.5217567157	__export__.isp_zone_11_457fdf7b	post
A58	-66.9019640353	10.5215169441	__export__.isp_zone_11_457fdf7b	post
A59	-66.9021686865	10.5215054227	__export__.isp_zone_11_457fdf7b	post
A60	-66.9024766508	10.5212750786	__export__.isp_zone_11_457fdf7b	post
A61	-66.9024491923	10.5217227925	__export__.isp_zone_11_457fdf7b	post
A62	-66.9023526141	10.5222353125	__export__.isp_zone_11_457fdf7b	post
A63	-66.9021953449	10.5223084602	__export__.isp_zone_11_457fdf7b	post
A64	-66.9020816253	10.5224250693	__export__.isp_zone_11_457fdf7b	post
A65	-66.9006028868	10.5194741783	__export__.isp_zone_11_457fdf7b	post
A66	-66.9009505045	10.5193226175	__export__.isp_zone_11_457fdf7b	post
A67	-66.9012890579	10.5191743006	__export__.isp_zone_11_457fdf7b	post
A68	-66.901586334	10.5190459671	__export__.isp_zone_11_457fdf7b	post
A69	-66.9017965089	10.5188693976	__export__.isp_zone_11_457fdf7b	post
A70	-66.902205689	10.5183521978	__export__.isp_zone_11_457fdf7b	post
A71	-66.9024361974	10.5180830226	__export__.isp_zone_11_457fdf7b	post
A72	-66.9026385161	10.5178132324	__export__.isp_zone_11_457fdf7b	post
A73	-66.9027600078	10.51762182	__export__.isp_zone_11_457fdf7b	post
A74	-66.9027806234	10.5175081279	__export__.isp_zone_11_457fdf7b	post
A75	-66.9025450697	10.5173586699	__export__.isp_zone_11_457fdf7b	post
A76	-66.9025908504	10.5171071828	__export__.isp_zone_11_457fdf7b	post
A77	-66.9024224727	10.5168930476	__export__.isp_zone_11_457fdf7b	post
A78	-66.9022455093	10.5166557629	__export__.isp_zone_11_457fdf7b	post
A79	-66.9028658303	10.5178622038	__export__.isp_zone_11_457fdf7b	post
A80	-66.9026515473	10.5186683631	__export__.isp_zone_11_457fdf7b	post
A81	-66.9027816542	10.5185841825	__export__.isp_zone_11_457fdf7b	post
A82	-66.902770536	10.5188132464	__export__.isp_zone_11_457fdf7b	post
A83	-66.9027822499	10.519099396	__export__.isp_zone_11_457fdf7b	post
A84	-66.9027697075	10.5194468066	__export__.isp_zone_11_457fdf7b	post
A85	-66.902829561	10.5195954776	__export__.isp_zone_11_457fdf7b	post
A86	-66.9029705632	10.5204435872	__export__.isp_zone_11_457fdf7b	post
A87	-66.9032571499	10.5204211181	__export__.isp_zone_11_457fdf7b	post
A88	-66.9030488642	10.5209731838	__export__.isp_zone_11_457fdf7b	post
A89	-66.903087409	10.5212145318	__export__.isp_zone_11_457fdf7b	post
A90	-66.9031049945	10.5215705476	__export__.isp_zone_11_457fdf7b	post
A91	-66.9030857924	10.521777741	__export__.isp_zone_11_457fdf7b	post
A92	-66.9029329968	10.5223763387	__export__.isp_zone_11_457fdf7b	post
A93	-66.9030692805	10.5226911313	__export__.isp_zone_11_457fdf7b	post
A94	-66.9032149637	10.5227648671	__export__.isp_zone_11_457fdf7b	post
A95	-66.9034154452	10.5224924989	__export__.isp_zone_11_457fdf7b	post
A96	-66.9035022289	10.5222867751	__export__.isp_zone_11_457fdf7b	post
A97	-66.9033798001	10.522860793	__export__.isp_zone_11_457fdf7b	post
A98	-66.9038279168	10.5230643591	__export__.isp_zone_11_457fdf7b	post
A99	-66.9038684708	10.5229807327	__export__.isp_zone_11_457fdf7b	post
A100	-66.9040116598	10.5229133357	__export__.isp_zone_11_457fdf7b	post
A101	-66.9041772	10.5228023784	__export__.isp_zone_11_457fdf7b	post
A102	-66.9043236006	10.5226977058	__export__.isp_zone_11_457fdf7b	post
A103	-66.9045797327	10.522566222	__export__.isp_zone_11_457fdf7b	post
A104	-66.9048489579	10.5224570647	__export__.isp_zone_11_457fdf7b	post
A105	-66.9049650306	10.5225037125	__export__.isp_zone_11_457fdf7b	post
A106	-66.9049774485	10.5222914479	__export__.isp_zone_11_457fdf7b	post
A107	-66.9046866979	10.5216583967	__export__.isp_zone_11_457fdf7b	post
A108	-66.9046513951	10.5217903842	__export__.isp_zone_11_457fdf7b	post
A109	-66.9054406201	10.5218909368	__export__.isp_zone_11_457fdf7b	post
A110	-66.905523079	10.5217918544	__export__.isp_zone_11_457fdf7b	post
A111	-66.9054204175	10.5221924904	__export__.isp_zone_11_457fdf7b	post
A112	-66.9053852736	10.5225104264	__export__.isp_zone_11_457fdf7b	post
A113	-66.9057695305	10.5218038739	__export__.isp_zone_11_457fdf7b	post
A114	-66.9060822268	10.5218089758	__export__.isp_zone_11_457fdf7b	post
A115	-66.9063551377	10.5218162637	__export__.isp_zone_11_457fdf7b	post
A116	-66.9064814597	10.5218281879	__export__.isp_zone_11_457fdf7b	post
A117	-66.9065027304	10.5219956802	__export__.isp_zone_11_457fdf7b	post
A118	-66.9066490168	10.5220489973	__export__.isp_zone_11_457fdf7b	post
A119	-66.9066647111	10.521789914	__export__.isp_zone_11_457fdf7b	post
A120	-66.9066051362	10.5223522363	__export__.isp_zone_11_457fdf7b	post
A121	-66.906392592	10.5225138575	__export__.isp_zone_11_457fdf7b	post
A122	-66.9061250175	10.522424295	__export__.isp_zone_11_457fdf7b	post
A123	-66.90688144	10.5216793611	__export__.isp_zone_11_457fdf7b	post
A124	-66.9069805803	10.521561056	__export__.isp_zone_11_457fdf7b	post
A125	-66.9070561584	10.5213082043	__export__.isp_zone_11_457fdf7b	post
A126	-66.9065907217	10.5208760067	__export__.isp_zone_11_457fdf7b	post
A127	-66.9063564192	10.5209705693	__export__.isp_zone_11_457fdf7b	post
A128	-66.9061313393	10.5210839072	__export__.isp_zone_11_457fdf7b	post
A129	-66.9058431085	10.5212177529	__export__.isp_zone_11_457fdf7b	post
A130	-66.9056369157	10.5212362663	__export__.isp_zone_11_457fdf7b	post
A131	-66.9062213532	10.5206693101	__export__.isp_zone_11_457fdf7b	post
A132	-66.90595041	10.5201376458	__export__.isp_zone_11_457fdf7b	post
A133	-66.9057190756	10.5198394361	__export__.isp_zone_11_457fdf7b	post
A134	-66.905605447	10.5198929372	__export__.isp_zone_11_457fdf7b	post
A135	-66.9061210286	10.5200614412	__export__.isp_zone_11_457fdf7b	post
A136	-66.9064093321	10.5201893286	__export__.isp_zone_11_457fdf7b	post
A137	-66.9070233821	10.5220431985	__export__.isp_zone_11_457fdf7b	post
A138	-66.9069957447	10.5221181559	__export__.isp_zone_11_457fdf7b	post
A139	-66.907284947	10.5221992582	__export__.isp_zone_11_457fdf7b	post
A140	-66.9076413887	10.5223072102	__export__.isp_zone_11_457fdf7b	post
A141	-66.908043026	10.5219929308	__export__.isp_zone_11_457fdf7b	post
A142	-66.9081359072	10.5219362434	__export__.isp_zone_11_457fdf7b	post
A143	-66.9080529503	10.5221017709	__export__.isp_zone_11_457fdf7b	post
A144	-66.9081371615	10.5220553071	__export__.isp_zone_11_457fdf7b	post
A145	-66.9082121302	10.5220156445	__export__.isp_zone_11_457fdf7b	post
A146	-66.9079280318	10.5223809063	__export__.isp_zone_11_457fdf7b	post
A147	-66.9081980673	10.5226727948	__export__.isp_zone_11_457fdf7b	post
A148	-66.9083292697	10.5230425129	__export__.isp_zone_11_457fdf7b	post
A149	-66.9082431368	10.5233229407	__export__.isp_zone_11_457fdf7b	post
A150	-66.904999667	10.5214344131	__export__.isp_zone_11_457fdf7b	post
A151	-66.9049070633	10.5208804713	__export__.isp_zone_11_457fdf7b	post
A152	-66.9049171556	10.5205999546	__export__.isp_zone_11_457fdf7b	post
A153	-66.9049356604	10.5203531582	__export__.isp_zone_11_457fdf7b	post
A154	-66.9050235744	10.5200132026	__export__.isp_zone_11_457fdf7b	post
A155	-66.9051083141	10.5197633483	__export__.isp_zone_11_457fdf7b	post
A156	-66.9049131453	10.5192657104	__export__.isp_zone_11_457fdf7b	post
A157	-66.9035962064	10.5220444506	__export__.isp_zone_11_457fdf7b	post
A158	-66.9047047382	10.5194168839	__export__.isp_zone_11_457fdf7b	post
A159	-66.9044253921	10.5194864134	__export__.isp_zone_11_457fdf7b	post
A160	-66.9043375644	10.5193618586	__export__.isp_zone_11_457fdf7b	post
A161	-66.9044210908	10.5196072032	__export__.isp_zone_11_457fdf7b	post
A162	-66.9044780333	10.5197232144	__export__.isp_zone_11_457fdf7b	post
A163	-66.9042527305	10.5197339502	__export__.isp_zone_11_457fdf7b	post
A164	-66.904229551	10.5199135783	__export__.isp_zone_11_457fdf7b	post
A165	-66.904397478	10.5201984449	__export__.isp_zone_11_457fdf7b	post
A166	-66.9043792581	10.5204469223	__export__.isp_zone_11_457fdf7b	post
A167	-66.9043050933	10.5205812204	__export__.isp_zone_11_457fdf7b	post
A168	-66.9042004162	10.5206261891	__export__.isp_zone_11_457fdf7b	post
A169	-66.9040211051	10.5197155761	__export__.isp_zone_11_457fdf7b	post
A170	-66.9039077106	10.5199642621	__export__.isp_zone_11_457fdf7b	post
A171	-66.9036783206	10.5201419477	__export__.isp_zone_11_457fdf7b	post
A172	-66.9043349564	10.519347179	__export__.isp_zone_11_457fdf7b	post
A173	-66.9041742043	10.5190900803	__export__.isp_zone_11_457fdf7b	post
A174	-66.9041542078	10.5189756797	__export__.isp_zone_11_457fdf7b	post
A175	-66.9041816953	10.5188632	__export__.isp_zone_11_457fdf7b	post
A176	-66.9043384472	10.5187521585	__export__.isp_zone_11_457fdf7b	post
A177	-66.9044461527	10.5187091837	__export__.isp_zone_11_457fdf7b	post
A178	-66.9043732418	10.5183167445	__export__.isp_zone_11_457fdf7b	post
A179	-66.9043937278	10.518242659	__export__.isp_zone_11_457fdf7b	post
A180	-66.9041320782	10.5181462867	__export__.isp_zone_11_457fdf7b	post
A181	-66.9037595709	10.5180376253	__export__.isp_zone_11_457fdf7b	post
A182	-66.9036000268	10.5179435215	__export__.isp_zone_11_457fdf7b	post
A183	-66.9033800748	10.5177774106	__export__.isp_zone_11_457fdf7b	post
A184	-66.9035472076	10.5177600385	__export__.isp_zone_11_457fdf7b	post
A185	-66.9031248705	10.5176491908	__export__.isp_zone_11_457fdf7b	post
A186	-66.9028935714	10.5175002869	__export__.isp_zone_11_457fdf7b	post
A187	-66.9028758564	10.5173497434	__export__.isp_zone_11_457fdf7b	post
A188	-66.9035866946	10.5181934541	__export__.isp_zone_11_457fdf7b	post
A189	-66.9035534972	10.5184423962	__export__.isp_zone_11_457fdf7b	post
A190	-66.9037021165	10.5184519701	__export__.isp_zone_11_457fdf7b	post
A191	-66.9035725245	10.5187199652	__export__.isp_zone_11_457fdf7b	post
A192	-66.9035460664	10.5192996241	__export__.isp_zone_11_457fdf7b	post
A193	-66.9036287013	10.5195447216	__export__.isp_zone_11_457fdf7b	post
A194	-66.9035345672	10.5196682796	__export__.isp_zone_11_457fdf7b	post
A195	-66.90384068	10.5195272737	__export__.isp_zone_11_457fdf7b	post
A196	-66.9035201487	10.5199061817	__export__.isp_zone_11_457fdf7b	post
A197	-66.9035332714	10.5202291411	__export__.isp_zone_11_457fdf7b	post
A198	-66.9036043754	10.5204590268	__export__.isp_zone_11_457fdf7b	post
A199	-66.9036668062	10.5208090267	__export__.isp_zone_11_457fdf7b	post
A200	-66.9037093339	10.5211826654	__export__.isp_zone_11_457fdf7b	post
A201	-66.9037025912	10.5214934282	__export__.isp_zone_11_457fdf7b	post
A202	-66.9036664463	10.521757614	__export__.isp_zone_11_457fdf7b	post
